<?xml version="1.0" encoding="UTF-8"?>
<gpx version="1.1" creator="UltraEdge fictional release fixture" xmlns="http://www.topografix.com/GPX/1/1"><metadata><name>FICTIONAL Moonridge 100 — not for navigation</name></metadata><trk><name>Moonridge 100</name><trkseg><trkpt lat="48.0000000" lon="-123.0000000"><ele>450.0</ele></trkpt><trkpt lat="48.0007237" lon="-123.0000000"><ele>450.1</ele></trkpt><trkpt lat="48.0014473" lon="-123.0000000"><ele>450.3</ele></trkpt><trkpt lat="48.0021710" lon="-123.0000000"><ele>450.8</ele></trkpt><trkpt lat="48.0028946" lon="-123.0000000"><ele>451.3</ele></trkpt><trkpt lat="48.0036183" lon="-123.0000000"><ele>452.1</ele></trkpt><trkpt lat="48.0043419" lon="-123.0000000"><ele>453.0</ele></trkpt><trkpt lat="48.0050656" lon="-123.0000000"><ele>454.1</ele></trkpt><trkpt lat="48.0057893" lon="-123.0000000"><ele>455.3</ele></trkpt><trkpt lat="48.0065129" lon="-123.0000000"><ele>456.8</ele></trkpt><trkpt lat="48.0072366" lon="-123.0000000"><ele>458.3</ele></trkpt><trkpt lat="48.0079602" lon="-123.0000000"><ele>460.1</ele></trkpt><trkpt lat="48.0086839" lon="-123.0000000"><ele>462.0</ele></trkpt><trkpt lat="48.0094075" lon="-123.0000000"><ele>464.0</ele></trkpt><trkpt lat="48.0101312" lon="-123.0000000"><ele>466.2</ele></trkpt><trkpt lat="48.0108549" lon="-123.0000000"><ele>468.6</ele></trkpt><trkpt lat="48.0115785" lon="-123.0000000"><ele>471.1</ele></trkpt><trkpt lat="48.0123022" lon="-123.0000000"><ele>473.8</ele></trkpt><trkpt lat="48.0130258" lon="-123.0000000"><ele>476.6</ele></trkpt><trkpt lat="48.0137495" lon="-123.0000000"><ele>479.6</ele></trkpt><trkpt lat="48.0144732" lon="-123.0000000"><ele>482.7</ele></trkpt><trkpt lat="48.0151968" lon="-123.0000000"><ele>485.9</ele></trkpt><trkpt lat="48.0159205" lon="-123.0000000"><ele>489.3</ele></trkpt><trkpt lat="48.0166441" lon="-123.0000000"><ele>492.9</ele></trkpt><trkpt lat="48.0173678" lon="-123.0000000"><ele>496.5</ele></trkpt><trkpt lat="48.0180914" lon="-123.0000000"><ele>500.3</ele></trkpt><trkpt lat="48.0188151" lon="-123.0000000"><ele>504.2</ele></trkpt><trkpt lat="48.0195388" lon="-123.0000000"><ele>508.3</ele></trkpt><trkpt lat="48.0202624" lon="-123.0000000"><ele>512.4</ele></trkpt><trkpt lat="48.0209861" lon="-123.0000000"><ele>516.7</ele></trkpt><trkpt lat="48.0217097" lon="-123.0000000"><ele>521.1</ele></trkpt><trkpt lat="48.0224334" lon="-123.0000000"><ele>525.6</ele></trkpt><trkpt lat="48.0231570" lon="-123.0000000"><ele>530.2</ele></trkpt><trkpt lat="48.0238807" lon="-123.0000000"><ele>535.0</ele></trkpt><trkpt lat="48.0246044" lon="-123.0000000"><ele>539.8</ele></trkpt><trkpt lat="48.0253280" lon="-123.0000000"><ele>544.7</ele></trkpt><trkpt lat="48.0260517" lon="-123.0000000"><ele>549.7</ele></trkpt><trkpt lat="48.0267753" lon="-123.0000000"><ele>554.8</ele></trkpt><trkpt lat="48.0274990" lon="-123.0000000"><ele>560.0</ele></trkpt><trkpt lat="48.0282226" lon="-123.0000000"><ele>565.3</ele></trkpt><trkpt lat="48.0289463" lon="-123.0000000"><ele>570.6</ele></trkpt><trkpt lat="48.0296700" lon="-123.0000000"><ele>576.0</ele></trkpt><trkpt lat="48.0303936" lon="-123.0000000"><ele>581.5</ele></trkpt><trkpt lat="48.0311173" lon="-123.0000000"><ele>587.0</ele></trkpt><trkpt lat="48.0318409" lon="-123.0000000"><ele>592.6</ele></trkpt><trkpt lat="48.0325646" lon="-123.0000000"><ele>598.3</ele></trkpt><trkpt lat="48.0332882" lon="-123.0000000"><ele>604.0</ele></trkpt><trkpt lat="48.0340119" lon="-123.0000000"><ele>609.7</ele></trkpt><trkpt lat="48.0347356" lon="-123.0000000"><ele>615.5</ele></trkpt><trkpt lat="48.0354592" lon="-123.0000000"><ele>621.3</ele></trkpt><trkpt lat="48.0361829" lon="-123.0000000"><ele>627.1</ele></trkpt><trkpt lat="48.0369065" lon="-123.0000000"><ele>633.0</ele></trkpt><trkpt lat="48.0376302" lon="-123.0000000"><ele>638.9</ele></trkpt><trkpt lat="48.0383538" lon="-123.0000000"><ele>644.8</ele></trkpt><trkpt lat="48.0390775" lon="-123.0000000"><ele>650.8</ele></trkpt><trkpt lat="48.0398012" lon="-123.0000000"><ele>656.7</ele></trkpt><trkpt lat="48.0405248" lon="-123.0000000"><ele>662.6</ele></trkpt><trkpt lat="48.0412485" lon="-123.0000000"><ele>668.6</ele></trkpt><trkpt lat="48.0419721" lon="-123.0000000"><ele>674.5</ele></trkpt><trkpt lat="48.0426958" lon="-123.0000000"><ele>680.4</ele></trkpt><trkpt lat="48.0434195" lon="-123.0000000"><ele>686.3</ele></trkpt><trkpt lat="48.0441431" lon="-123.0000000"><ele>692.2</ele></trkpt><trkpt lat="48.0448668" lon="-123.0000000"><ele>698.1</ele></trkpt><trkpt lat="48.0455904" lon="-123.0000000"><ele>703.9</ele></trkpt><trkpt lat="48.0463141" lon="-123.0000000"><ele>709.7</ele></trkpt><trkpt lat="48.0470377" lon="-123.0000000"><ele>715.4</ele></trkpt><trkpt lat="48.0477614" lon="-123.0000000"><ele>721.1</ele></trkpt><trkpt lat="48.0484851" lon="-123.0000000"><ele>726.8</ele></trkpt><trkpt lat="48.0492087" lon="-123.0000000"><ele>732.4</ele></trkpt><trkpt lat="48.0499324" lon="-123.0000000"><ele>737.9</ele></trkpt><trkpt lat="48.0506560" lon="-123.0000000"><ele>743.4</ele></trkpt><trkpt lat="48.0513797" lon="-123.0000000"><ele>748.8</ele></trkpt><trkpt lat="48.0521033" lon="-123.0000000"><ele>754.2</ele></trkpt><trkpt lat="48.0528270" lon="-123.0000000"><ele>759.4</ele></trkpt><trkpt lat="48.0535507" lon="-123.0000000"><ele>764.6</ele></trkpt><trkpt lat="48.0542743" lon="-123.0000000"><ele>769.7</ele></trkpt><trkpt lat="48.0549980" lon="-123.0000000"><ele>774.7</ele></trkpt><trkpt lat="48.0557216" lon="-123.0000000"><ele>779.7</ele></trkpt><trkpt lat="48.0564453" lon="-123.0000000"><ele>784.5</ele></trkpt><trkpt lat="48.0571689" lon="-123.0000000"><ele>789.2</ele></trkpt><trkpt lat="48.0578926" lon="-123.0000000"><ele>793.9</ele></trkpt><trkpt lat="48.0586163" lon="-123.0000000"><ele>798.4</ele></trkpt><trkpt lat="48.0593399" lon="-123.0000000"><ele>802.8</ele></trkpt><trkpt lat="48.0600636" lon="-123.0000000"><ele>807.1</ele></trkpt><trkpt lat="48.0607872" lon="-123.0000000"><ele>811.3</ele></trkpt><trkpt lat="48.0615109" lon="-123.0000000"><ele>815.3</ele></trkpt><trkpt lat="48.0622345" lon="-123.0000000"><ele>819.3</ele></trkpt><trkpt lat="48.0629582" lon="-123.0000000"><ele>823.1</ele></trkpt><trkpt lat="48.0636819" lon="-123.0000000"><ele>826.7</ele></trkpt><trkpt lat="48.0644055" lon="-123.0000000"><ele>830.3</ele></trkpt><trkpt lat="48.0651292" lon="-123.0000000"><ele>833.7</ele></trkpt><trkpt lat="48.0658528" lon="-123.0000000"><ele>837.0</ele></trkpt><trkpt lat="48.0665765" lon="-123.0000000"><ele>840.1</ele></trkpt><trkpt lat="48.0673001" lon="-123.0000000"><ele>843.1</ele></trkpt><trkpt lat="48.0680238" lon="-123.0000000"><ele>845.9</ele></trkpt><trkpt lat="48.0687475" lon="-123.0000000"><ele>848.6</ele></trkpt><trkpt lat="48.0694711" lon="-123.0000000"><ele>851.1</ele></trkpt><trkpt lat="48.0701948" lon="-123.0000000"><ele>853.5</ele></trkpt><trkpt lat="48.0709184" lon="-123.0000000"><ele>855.7</ele></trkpt><trkpt lat="48.0716421" lon="-123.0000000"><ele>857.8</ele></trkpt><trkpt lat="48.0723658" lon="-123.0000000"><ele>859.7</ele></trkpt><trkpt lat="48.0730894" lon="-123.0000000"><ele>861.5</ele></trkpt><trkpt lat="48.0738131" lon="-123.0000000"><ele>863.1</ele></trkpt><trkpt lat="48.0745367" lon="-123.0000000"><ele>864.5</ele></trkpt><trkpt lat="48.0752604" lon="-123.0000000"><ele>865.8</ele></trkpt><trkpt lat="48.0759840" lon="-123.0000000"><ele>866.9</ele></trkpt><trkpt lat="48.0767077" lon="-123.0000000"><ele>867.8</ele></trkpt><trkpt lat="48.0774314" lon="-123.0000000"><ele>868.6</ele></trkpt><trkpt lat="48.0781550" lon="-123.0000000"><ele>869.2</ele></trkpt><trkpt lat="48.0788787" lon="-123.0000000"><ele>869.6</ele></trkpt><trkpt lat="48.0796023" lon="-123.0000000"><ele>869.9</ele></trkpt><trkpt lat="48.0803260" lon="-123.0000000"><ele>870.0</ele></trkpt><trkpt lat="48.0810496" lon="-123.0000000"><ele>869.9</ele></trkpt><trkpt lat="48.0817733" lon="-123.0000000"><ele>869.7</ele></trkpt><trkpt lat="48.0824970" lon="-123.0000000"><ele>869.3</ele></trkpt><trkpt lat="48.0832206" lon="-123.0000000"><ele>868.7</ele></trkpt><trkpt lat="48.0839443" lon="-123.0000000"><ele>868.0</ele></trkpt><trkpt lat="48.0846679" lon="-123.0000000"><ele>867.1</ele></trkpt><trkpt lat="48.0853916" lon="-123.0000000"><ele>866.0</ele></trkpt><trkpt lat="48.0861152" lon="-123.0000000"><ele>864.8</ele></trkpt><trkpt lat="48.0868389" lon="-123.0000000"><ele>863.4</ele></trkpt><trkpt lat="48.0875626" lon="-123.0000000"><ele>861.8</ele></trkpt><trkpt lat="48.0882862" lon="-123.0000000"><ele>860.1</ele></trkpt><trkpt lat="48.0890099" lon="-123.0000000"><ele>858.2</ele></trkpt><trkpt lat="48.0897335" lon="-123.0000000"><ele>856.2</ele></trkpt><trkpt lat="48.0904572" lon="-123.0000000"><ele>854.0</ele></trkpt><trkpt lat="48.0911808" lon="-123.0000000"><ele>851.7</ele></trkpt><trkpt lat="48.0919045" lon="-123.0000000"><ele>849.2</ele></trkpt><trkpt lat="48.0926282" lon="-123.0000000"><ele>846.5</ele></trkpt><trkpt lat="48.0933518" lon="-123.0000000"><ele>843.7</ele></trkpt><trkpt lat="48.0940755" lon="-123.0000000"><ele>840.8</ele></trkpt><trkpt lat="48.0947991" lon="-123.0000000"><ele>837.7</ele></trkpt><trkpt lat="48.0955228" lon="-123.0000000"><ele>834.4</ele></trkpt><trkpt lat="48.0962464" lon="-123.0000000"><ele>831.0</ele></trkpt><trkpt lat="48.0969701" lon="-123.0000000"><ele>827.5</ele></trkpt><trkpt lat="48.0976938" lon="-123.0000000"><ele>823.9</ele></trkpt><trkpt lat="48.0984174" lon="-123.0000000"><ele>820.1</ele></trkpt><trkpt lat="48.0991411" lon="-123.0000000"><ele>816.2</ele></trkpt><trkpt lat="48.0998647" lon="-123.0000000"><ele>812.2</ele></trkpt><trkpt lat="48.1005884" lon="-123.0000000"><ele>808.0</ele></trkpt><trkpt lat="48.1013120" lon="-123.0000000"><ele>803.8</ele></trkpt><trkpt lat="48.1020357" lon="-123.0000000"><ele>799.4</ele></trkpt><trkpt lat="48.1027594" lon="-123.0000000"><ele>794.9</ele></trkpt><trkpt lat="48.1034830" lon="-123.0000000"><ele>790.3</ele></trkpt><trkpt lat="48.1042067" lon="-123.0000000"><ele>785.6</ele></trkpt><trkpt lat="48.1049303" lon="-123.0000000"><ele>780.8</ele></trkpt><trkpt lat="48.1056540" lon="-123.0000000"><ele>775.8</ele></trkpt><trkpt lat="48.1063777" lon="-123.0000000"><ele>770.8</ele></trkpt><trkpt lat="48.1071013" lon="-123.0000000"><ele>765.8</ele></trkpt><trkpt lat="48.1078250" lon="-123.0000000"><ele>760.6</ele></trkpt><trkpt lat="48.1085486" lon="-123.0000000"><ele>755.3</ele></trkpt><trkpt lat="48.1092723" lon="-123.0000000"><ele>750.0</ele></trkpt><trkpt lat="48.1099959" lon="-123.0000000"><ele>744.6</ele></trkpt><trkpt lat="48.1107196" lon="-123.0000000"><ele>739.1</ele></trkpt><trkpt lat="48.1114433" lon="-123.0000000"><ele>733.6</ele></trkpt><trkpt lat="48.1121669" lon="-123.0000000"><ele>728.0</ele></trkpt><trkpt lat="48.1128906" lon="-123.0000000"><ele>722.4</ele></trkpt><trkpt lat="48.1136142" lon="-123.0000000"><ele>716.7</ele></trkpt><trkpt lat="48.1143379" lon="-123.0000000"><ele>710.9</ele></trkpt><trkpt lat="48.1150615" lon="-123.0000000"><ele>705.2</ele></trkpt><trkpt lat="48.1157852" lon="-123.0000000"><ele>699.4</ele></trkpt><trkpt lat="48.1165089" lon="-123.0000000"><ele>693.5</ele></trkpt><trkpt lat="48.1172325" lon="-123.0000000"><ele>687.6</ele></trkpt><trkpt lat="48.1179562" lon="-123.0000000"><ele>681.7</ele></trkpt><trkpt lat="48.1186798" lon="-123.0000000"><ele>675.8</ele></trkpt><trkpt lat="48.1194035" lon="-123.0000000"><ele>669.9</ele></trkpt><trkpt lat="48.1201271" lon="-123.0000000"><ele>664.0</ele></trkpt><trkpt lat="48.1208508" lon="-123.0000000"><ele>658.0</ele></trkpt><trkpt lat="48.1215745" lon="-123.0000000"><ele>652.1</ele></trkpt><trkpt lat="48.1222981" lon="-123.0000000"><ele>646.2</ele></trkpt><trkpt lat="48.1230218" lon="-123.0000000"><ele>640.2</ele></trkpt><trkpt lat="48.1237454" lon="-123.0000000"><ele>634.3</ele></trkpt><trkpt lat="48.1244691" lon="-123.0000000"><ele>628.5</ele></trkpt><trkpt lat="48.1251927" lon="-123.0000000"><ele>622.6</ele></trkpt><trkpt lat="48.1259164" lon="-123.0000000"><ele>616.8</ele></trkpt><trkpt lat="48.1266401" lon="-123.0000000"><ele>611.0</ele></trkpt><trkpt lat="48.1273637" lon="-123.0000000"><ele>605.2</ele></trkpt><trkpt lat="48.1280874" lon="-123.0000000"><ele>599.5</ele></trkpt><trkpt lat="48.1288110" lon="-123.0000000"><ele>593.9</ele></trkpt><trkpt lat="48.1295347" lon="-123.0000000"><ele>588.2</ele></trkpt><trkpt lat="48.1302583" lon="-123.0000000"><ele>582.7</ele></trkpt><trkpt lat="48.1309820" lon="-123.0000000"><ele>577.2</ele></trkpt><trkpt lat="48.1317057" lon="-123.0000000"><ele>571.8</ele></trkpt><trkpt lat="48.1324293" lon="-123.0000000"><ele>566.4</ele></trkpt><trkpt lat="48.1331530" lon="-123.0000000"><ele>561.2</ele></trkpt><trkpt lat="48.1338766" lon="-123.0000000"><ele>556.0</ele></trkpt><trkpt lat="48.1346003" lon="-123.0000000"><ele>550.8</ele></trkpt><trkpt lat="48.1353240" lon="-123.0000000"><ele>545.8</ele></trkpt><trkpt lat="48.1360476" lon="-123.0000000"><ele>540.9</ele></trkpt><trkpt lat="48.1367713" lon="-123.0000000"><ele>536.0</ele></trkpt><trkpt lat="48.1374949" lon="-123.0000000"><ele>531.3</ele></trkpt><trkpt lat="48.1382186" lon="-123.0000000"><ele>526.6</ele></trkpt><trkpt lat="48.1389422" lon="-123.0000000"><ele>522.1</ele></trkpt><trkpt lat="48.1396659" lon="-123.0000000"><ele>517.7</ele></trkpt><trkpt lat="48.1403896" lon="-123.0000000"><ele>513.4</ele></trkpt><trkpt lat="48.1411132" lon="-123.0000000"><ele>509.2</ele></trkpt><trkpt lat="48.1418369" lon="-123.0000000"><ele>505.1</ele></trkpt><trkpt lat="48.1425605" lon="-123.0000000"><ele>501.2</ele></trkpt><trkpt lat="48.1432842" lon="-123.0000000"><ele>497.4</ele></trkpt><trkpt lat="48.1440078" lon="-123.0000000"><ele>493.7</ele></trkpt><trkpt lat="48.1447315" lon="-123.0000000"><ele>490.1</ele></trkpt><trkpt lat="48.1454552" lon="-123.0000000"><ele>486.7</ele></trkpt><trkpt lat="48.1461788" lon="-123.0000000"><ele>483.4</ele></trkpt><trkpt lat="48.1469025" lon="-123.0000000"><ele>480.3</ele></trkpt><trkpt lat="48.1476261" lon="-123.0000000"><ele>477.3</ele></trkpt><trkpt lat="48.1483498" lon="-123.0000000"><ele>474.4</ele></trkpt><trkpt lat="48.1490734" lon="-123.0000000"><ele>471.7</ele></trkpt><trkpt lat="48.1497971" lon="-123.0000000"><ele>469.2</ele></trkpt><trkpt lat="48.1505208" lon="-123.0000000"><ele>466.8</ele></trkpt><trkpt lat="48.1512444" lon="-123.0000000"><ele>464.5</ele></trkpt><trkpt lat="48.1519681" lon="-123.0000000"><ele>462.4</ele></trkpt><trkpt lat="48.1526917" lon="-123.0000000"><ele>460.5</ele></trkpt><trkpt lat="48.1534154" lon="-123.0000000"><ele>458.7</ele></trkpt><trkpt lat="48.1541390" lon="-123.0000000"><ele>457.1</ele></trkpt><trkpt lat="48.1548627" lon="-123.0000000"><ele>455.6</ele></trkpt><trkpt lat="48.1555864" lon="-123.0000000"><ele>454.4</ele></trkpt><trkpt lat="48.1563100" lon="-123.0000000"><ele>453.2</ele></trkpt><trkpt lat="48.1570337" lon="-123.0000000"><ele>452.3</ele></trkpt><trkpt lat="48.1577573" lon="-123.0000000"><ele>451.5</ele></trkpt><trkpt lat="48.1584810" lon="-123.0000000"><ele>450.9</ele></trkpt><trkpt lat="48.1592046" lon="-123.0000000"><ele>450.4</ele></trkpt><trkpt lat="48.1599283" lon="-123.0000000"><ele>450.1</ele></trkpt><trkpt lat="48.1606520" lon="-123.0000000"><ele>450.0</ele></trkpt><trkpt lat="48.1613756" lon="-123.0000000"><ele>450.1</ele></trkpt><trkpt lat="48.1620993" lon="-123.0000000"><ele>450.3</ele></trkpt><trkpt lat="48.1628229" lon="-123.0000000"><ele>450.6</ele></trkpt><trkpt lat="48.1635466" lon="-123.0000000"><ele>451.2</ele></trkpt><trkpt lat="48.1642703" lon="-123.0000000"><ele>451.9</ele></trkpt><trkpt lat="48.1649939" lon="-123.0000000"><ele>452.8</ele></trkpt><trkpt lat="48.1657176" lon="-123.0000000"><ele>453.8</ele></trkpt><trkpt lat="48.1664412" lon="-123.0000000"><ele>455.1</ele></trkpt><trkpt lat="48.1671649" lon="-123.0000000"><ele>456.4</ele></trkpt><trkpt lat="48.1678885" lon="-123.0000000"><ele>458.0</ele></trkpt><trkpt lat="48.1686122" lon="-123.0000000"><ele>459.7</ele></trkpt><trkpt lat="48.1693359" lon="-123.0000000"><ele>461.5</ele></trkpt><trkpt lat="48.1700595" lon="-123.0000000"><ele>463.6</ele></trkpt><trkpt lat="48.1707832" lon="-123.0000000"><ele>465.7</ele></trkpt><trkpt lat="48.1715068" lon="-123.0000000"><ele>468.1</ele></trkpt><trkpt lat="48.1722305" lon="-123.0000000"><ele>470.6</ele></trkpt><trkpt lat="48.1729541" lon="-123.0000000"><ele>473.2</ele></trkpt><trkpt lat="48.1736778" lon="-123.0000000"><ele>476.0</ele></trkpt><trkpt lat="48.1744015" lon="-123.0000000"><ele>478.9</ele></trkpt><trkpt lat="48.1751251" lon="-123.0000000"><ele>482.0</ele></trkpt><trkpt lat="48.1758488" lon="-123.0000000"><ele>485.2</ele></trkpt><trkpt lat="48.1765724" lon="-123.0000000"><ele>488.6</ele></trkpt><trkpt lat="48.1772961" lon="-123.0000000"><ele>492.1</ele></trkpt><trkpt lat="48.1780197" lon="-123.0000000"><ele>495.7</ele></trkpt><trkpt lat="48.1787434" lon="-123.0000000"><ele>499.5</ele></trkpt><trkpt lat="48.1794671" lon="-123.0000000"><ele>503.4</ele></trkpt><trkpt lat="48.1801907" lon="-123.0000000"><ele>507.4</ele></trkpt><trkpt lat="48.1809144" lon="-123.0000000"><ele>511.5</ele></trkpt><trkpt lat="48.1816380" lon="-123.0000000"><ele>515.8</ele></trkpt><trkpt lat="48.1823617" lon="-123.0000000"><ele>520.1</ele></trkpt><trkpt lat="48.1830853" lon="-123.0000000"><ele>524.6</ele></trkpt><trkpt lat="48.1838090" lon="-123.0000000"><ele>529.2</ele></trkpt><trkpt lat="48.1845327" lon="-123.0000000"><ele>533.9</ele></trkpt><trkpt lat="48.1852563" lon="-123.0000000"><ele>538.7</ele></trkpt><trkpt lat="48.1859800" lon="-123.0000000"><ele>543.6</ele></trkpt><trkpt lat="48.1867036" lon="-123.0000000"><ele>548.6</ele></trkpt><trkpt lat="48.1874273" lon="-123.0000000"><ele>553.7</ele></trkpt><trkpt lat="48.1881510" lon="-123.0000000"><ele>558.8</ele></trkpt><trkpt lat="48.1888746" lon="-123.0000000"><ele>564.1</ele></trkpt><trkpt lat="48.1895983" lon="-123.0000000"><ele>569.4</ele></trkpt><trkpt lat="48.1903219" lon="-123.0000000"><ele>574.8</ele></trkpt><trkpt lat="48.1910456" lon="-123.0000000"><ele>580.2</ele></trkpt><trkpt lat="48.1917692" lon="-123.0000000"><ele>585.8</ele></trkpt><trkpt lat="48.1924929" lon="-123.0000000"><ele>591.4</ele></trkpt><trkpt lat="48.1932166" lon="-123.0000000"><ele>597.0</ele></trkpt><trkpt lat="48.1939402" lon="-123.0000000"><ele>602.7</ele></trkpt><trkpt lat="48.1946639" lon="-123.0000000"><ele>608.4</ele></trkpt><trkpt lat="48.1953875" lon="-123.0000000"><ele>614.2</ele></trkpt><trkpt lat="48.1961112" lon="-123.0000000"><ele>620.0</ele></trkpt><trkpt lat="48.1968348" lon="-123.0000000"><ele>625.8</ele></trkpt><trkpt lat="48.1975585" lon="-123.0000000"><ele>631.7</ele></trkpt><trkpt lat="48.1982822" lon="-123.0000000"><ele>637.6</ele></trkpt><trkpt lat="48.1990058" lon="-123.0000000"><ele>643.5</ele></trkpt><trkpt lat="48.1997295" lon="-123.0000000"><ele>649.4</ele></trkpt><trkpt lat="48.2004531" lon="-123.0000000"><ele>655.4</ele></trkpt><trkpt lat="48.2011768" lon="-123.0000000"><ele>661.3</ele></trkpt><trkpt lat="48.2019004" lon="-123.0000000"><ele>667.3</ele></trkpt><trkpt lat="48.2026241" lon="-123.0000000"><ele>673.2</ele></trkpt><trkpt lat="48.2033478" lon="-123.0000000"><ele>679.1</ele></trkpt><trkpt lat="48.2040714" lon="-123.0000000"><ele>685.0</ele></trkpt><trkpt lat="48.2047951" lon="-123.0000000"><ele>690.9</ele></trkpt><trkpt lat="48.2055187" lon="-123.0000000"><ele>696.8</ele></trkpt><trkpt lat="48.2062424" lon="-123.0000000"><ele>702.6</ele></trkpt><trkpt lat="48.2069660" lon="-123.0000000"><ele>708.4</ele></trkpt><trkpt lat="48.2076897" lon="-123.0000000"><ele>714.1</ele></trkpt><trkpt lat="48.2084134" lon="-123.0000000"><ele>719.9</ele></trkpt><trkpt lat="48.2091370" lon="-123.0000000"><ele>725.5</ele></trkpt><trkpt lat="48.2098607" lon="-123.0000000"><ele>731.1</ele></trkpt><trkpt lat="48.2105843" lon="-123.0000000"><ele>736.7</ele></trkpt><trkpt lat="48.2113080" lon="-123.0000000"><ele>742.2</ele></trkpt><trkpt lat="48.2120316" lon="-123.0000000"><ele>747.6</ele></trkpt><trkpt lat="48.2127553" lon="-123.0000000"><ele>753.0</ele></trkpt><trkpt lat="48.2134790" lon="-123.0000000"><ele>758.3</ele></trkpt><trkpt lat="48.2142026" lon="-123.0000000"><ele>763.5</ele></trkpt><trkpt lat="48.2149263" lon="-123.0000000"><ele>768.6</ele></trkpt><trkpt lat="48.2156499" lon="-123.0000000"><ele>773.6</ele></trkpt><trkpt lat="48.2163736" lon="-123.0000000"><ele>778.6</ele></trkpt><trkpt lat="48.2170973" lon="-123.0000000"><ele>783.4</ele></trkpt><trkpt lat="48.2178209" lon="-123.0000000"><ele>788.2</ele></trkpt><trkpt lat="48.2185446" lon="-123.0000000"><ele>792.8</ele></trkpt><trkpt lat="48.2192682" lon="-123.0000000"><ele>797.4</ele></trkpt><trkpt lat="48.2199919" lon="-123.0000000"><ele>801.8</ele></trkpt><trkpt lat="48.2207155" lon="-123.0000000"><ele>806.1</ele></trkpt><trkpt lat="48.2214392" lon="-123.0000000"><ele>810.3</ele></trkpt><trkpt lat="48.2221629" lon="-123.0000000"><ele>814.4</ele></trkpt><trkpt lat="48.2228865" lon="-123.0000000"><ele>818.4</ele></trkpt><trkpt lat="48.2236102" lon="-123.0000000"><ele>822.2</ele></trkpt><trkpt lat="48.2243338" lon="-123.0000000"><ele>825.9</ele></trkpt><trkpt lat="48.2250575" lon="-123.0000000"><ele>829.5</ele></trkpt><trkpt lat="48.2257811" lon="-123.0000000"><ele>832.9</ele></trkpt><trkpt lat="48.2265048" lon="-123.0000000"><ele>836.2</ele></trkpt><trkpt lat="48.2272285" lon="-123.0000000"><ele>839.4</ele></trkpt><trkpt lat="48.2279521" lon="-123.0000000"><ele>842.4</ele></trkpt><trkpt lat="48.2286758" lon="-123.0000000"><ele>845.3</ele></trkpt><trkpt lat="48.2293994" lon="-123.0000000"><ele>848.0</ele></trkpt><trkpt lat="48.2301231" lon="-123.0000000"><ele>850.6</ele></trkpt><trkpt lat="48.2308467" lon="-123.0000000"><ele>853.0</ele></trkpt><trkpt lat="48.2315704" lon="-123.0000000"><ele>855.3</ele></trkpt><trkpt lat="48.2322941" lon="-123.0000000"><ele>857.4</ele></trkpt><trkpt lat="48.2330177" lon="-123.0000000"><ele>859.3</ele></trkpt><trkpt lat="48.2337414" lon="-123.0000000"><ele>861.1</ele></trkpt><trkpt lat="48.2344650" lon="-123.0000000"><ele>862.7</ele></trkpt><trkpt lat="48.2351887" lon="-123.0000000"><ele>864.2</ele></trkpt><trkpt lat="48.2359123" lon="-123.0000000"><ele>865.5</ele></trkpt><trkpt lat="48.2366360" lon="-123.0000000"><ele>866.6</ele></trkpt><trkpt lat="48.2373597" lon="-123.0000000"><ele>867.6</ele></trkpt><trkpt lat="48.2380833" lon="-123.0000000"><ele>868.4</ele></trkpt><trkpt lat="48.2388070" lon="-123.0000000"><ele>869.1</ele></trkpt><trkpt lat="48.2395306" lon="-123.0000000"><ele>869.5</ele></trkpt><trkpt lat="48.2402543" lon="-123.0000000"><ele>869.9</ele></trkpt><trkpt lat="48.2409779" lon="-123.0000000"><ele>870.0</ele></trkpt><trkpt lat="48.2417016" lon="-123.0000000"><ele>870.0</ele></trkpt><trkpt lat="48.2424253" lon="-123.0000000"><ele>869.8</ele></trkpt><trkpt lat="48.2431489" lon="-123.0000000"><ele>869.4</ele></trkpt><trkpt lat="48.2438726" lon="-123.0000000"><ele>868.9</ele></trkpt><trkpt lat="48.2445962" lon="-123.0000000"><ele>868.2</ele></trkpt><trkpt lat="48.2453199" lon="-123.0000000"><ele>867.3</ele></trkpt><trkpt lat="48.2460436" lon="-123.0000000"><ele>866.3</ele></trkpt><trkpt lat="48.2467672" lon="-123.0000000"><ele>865.1</ele></trkpt><trkpt lat="48.2474909" lon="-123.0000000"><ele>863.7</ele></trkpt><trkpt lat="48.2482145" lon="-123.0000000"><ele>862.2</ele></trkpt><trkpt lat="48.2489382" lon="-123.0000000"><ele>860.5</ele></trkpt><trkpt lat="48.2496618" lon="-123.0000000"><ele>858.7</ele></trkpt><trkpt lat="48.2503855" lon="-123.0000000"><ele>856.7</ele></trkpt><trkpt lat="48.2511092" lon="-123.0000000"><ele>854.5</ele></trkpt><trkpt lat="48.2518328" lon="-123.0000000"><ele>852.2</ele></trkpt><trkpt lat="48.2525565" lon="-123.0000000"><ele>849.7</ele></trkpt><trkpt lat="48.2532801" lon="-123.0000000"><ele>847.1</ele></trkpt><trkpt lat="48.2540038" lon="-123.0000000"><ele>844.3</ele></trkpt><trkpt lat="48.2547274" lon="-123.0000000"><ele>841.4</ele></trkpt><trkpt lat="48.2554511" lon="-123.0000000"><ele>838.4</ele></trkpt><trkpt lat="48.2561748" lon="-123.0000000"><ele>835.2</ele></trkpt><trkpt lat="48.2568984" lon="-123.0000000"><ele>831.8</ele></trkpt><trkpt lat="48.2576221" lon="-123.0000000"><ele>828.3</ele></trkpt><trkpt lat="48.2583457" lon="-123.0000000"><ele>824.7</ele></trkpt><trkpt lat="48.2590694" lon="-123.0000000"><ele>821.0</ele></trkpt><trkpt lat="48.2597930" lon="-123.0000000"><ele>817.1</ele></trkpt><trkpt lat="48.2605167" lon="-123.0000000"><ele>813.1</ele></trkpt><trkpt lat="48.2612404" lon="-123.0000000"><ele>809.0</ele></trkpt><trkpt lat="48.2619640" lon="-123.0000000"><ele>804.7</ele></trkpt><trkpt lat="48.2626877" lon="-123.0000000"><ele>800.4</ele></trkpt><trkpt lat="48.2634113" lon="-123.0000000"><ele>795.9</ele></trkpt><trkpt lat="48.2641350" lon="-123.0000000"><ele>791.3</ele></trkpt><trkpt lat="48.2648586" lon="-123.0000000"><ele>786.6</ele></trkpt><trkpt lat="48.2655823" lon="-123.0000000"><ele>781.8</ele></trkpt><trkpt lat="48.2663060" lon="-123.0000000"><ele>776.9</ele></trkpt><trkpt lat="48.2670296" lon="-123.0000000"><ele>772.0</ele></trkpt><trkpt lat="48.2677533" lon="-123.0000000"><ele>766.9</ele></trkpt><trkpt lat="48.2684769" lon="-123.0000000"><ele>761.7</ele></trkpt><trkpt lat="48.2692006" lon="-123.0000000"><ele>756.5</ele></trkpt><trkpt lat="48.2699242" lon="-123.0000000"><ele>751.2</ele></trkpt><trkpt lat="48.2706479" lon="-123.0000000"><ele>745.8</ele></trkpt><trkpt lat="48.2713716" lon="-123.0000000"><ele>740.4</ele></trkpt><trkpt lat="48.2720952" lon="-123.0000000"><ele>734.8</ele></trkpt><trkpt lat="48.2728189" lon="-123.0000000"><ele>729.3</ele></trkpt><trkpt lat="48.2735425" lon="-123.0000000"><ele>723.6</ele></trkpt><trkpt lat="48.2742662" lon="-123.0000000"><ele>718.0</ele></trkpt><trkpt lat="48.2749898" lon="-123.0000000"><ele>712.2</ele></trkpt><trkpt lat="48.2757135" lon="-123.0000000"><ele>706.5</ele></trkpt><trkpt lat="48.2764372" lon="-123.0000000"><ele>700.6</ele></trkpt><trkpt lat="48.2771608" lon="-123.0000000"><ele>694.8</ele></trkpt><trkpt lat="48.2778845" lon="-123.0000000"><ele>688.9</ele></trkpt><trkpt lat="48.2786081" lon="-123.0000000"><ele>683.0</ele></trkpt><trkpt lat="48.2793318" lon="-123.0000000"><ele>677.1</ele></trkpt><trkpt lat="48.2800555" lon="-123.0000000"><ele>671.2</ele></trkpt><trkpt lat="48.2807791" lon="-123.0000000"><ele>665.3</ele></trkpt><trkpt lat="48.2815028" lon="-123.0000000"><ele>659.3</ele></trkpt><trkpt lat="48.2822264" lon="-123.0000000"><ele>653.4</ele></trkpt><trkpt lat="48.2829501" lon="-123.0000000"><ele>647.5</ele></trkpt><trkpt lat="48.2836737" lon="-123.0000000"><ele>641.6</ele></trkpt><trkpt lat="48.2843974" lon="-123.0000000"><ele>635.6</ele></trkpt><trkpt lat="48.2851211" lon="-123.0000000"><ele>629.8</ele></trkpt><trkpt lat="48.2858447" lon="-123.0000000"><ele>623.9</ele></trkpt><trkpt lat="48.2865684" lon="-123.0000000"><ele>618.1</ele></trkpt><trkpt lat="48.2872920" lon="-123.0000000"><ele>612.3</ele></trkpt><trkpt lat="48.2880157" lon="-123.0000000"><ele>606.5</ele></trkpt><trkpt lat="48.2887393" lon="-123.0000000"><ele>600.8</ele></trkpt><trkpt lat="48.2894630" lon="-123.0000000"><ele>595.1</ele></trkpt><trkpt lat="48.2901867" lon="-123.0000000"><ele>589.5</ele></trkpt><trkpt lat="48.2909103" lon="-123.0000000"><ele>583.9</ele></trkpt><trkpt lat="48.2916340" lon="-123.0000000"><ele>578.4</ele></trkpt><trkpt lat="48.2923576" lon="-123.0000000"><ele>573.0</ele></trkpt><trkpt lat="48.2930813" lon="-123.0000000"><ele>567.6</ele></trkpt><trkpt lat="48.2938049" lon="-123.0000000"><ele>562.3</ele></trkpt><trkpt lat="48.2945286" lon="-123.0000000"><ele>557.1</ele></trkpt><trkpt lat="48.2952523" lon="-123.0000000"><ele>552.0</ele></trkpt><trkpt lat="48.2959759" lon="-123.0000000"><ele>546.9</ele></trkpt><trkpt lat="48.2966996" lon="-123.0000000"><ele>542.0</ele></trkpt><trkpt lat="48.2974232" lon="-123.0000000"><ele>537.1</ele></trkpt><trkpt lat="48.2981469" lon="-123.0000000"><ele>532.3</ele></trkpt><trkpt lat="48.2988705" lon="-123.0000000"><ele>527.7</ele></trkpt><trkpt lat="48.2995942" lon="-123.0000000"><ele>523.1</ele></trkpt><trkpt lat="48.3003179" lon="-123.0000000"><ele>518.7</ele></trkpt><trkpt lat="48.3010415" lon="-123.0000000"><ele>514.3</ele></trkpt><trkpt lat="48.3017652" lon="-123.0000000"><ele>510.1</ele></trkpt><trkpt lat="48.3024888" lon="-123.0000000"><ele>506.0</ele></trkpt><trkpt lat="48.3032125" lon="-123.0000000"><ele>502.0</ele></trkpt><trkpt lat="48.3039361" lon="-123.0000000"><ele>498.2</ele></trkpt><trkpt lat="48.3046598" lon="-123.0000000"><ele>494.5</ele></trkpt><trkpt lat="48.3053835" lon="-123.0000000"><ele>490.9</ele></trkpt><trkpt lat="48.3061071" lon="-123.0000000"><ele>487.4</ele></trkpt><trkpt lat="48.3068308" lon="-123.0000000"><ele>484.1</ele></trkpt><trkpt lat="48.3075544" lon="-123.0000000"><ele>480.9</ele></trkpt><trkpt lat="48.3082781" lon="-123.0000000"><ele>477.9</ele></trkpt><trkpt lat="48.3090018" lon="-123.0000000"><ele>475.0</ele></trkpt><trkpt lat="48.3097254" lon="-123.0000000"><ele>472.3</ele></trkpt><trkpt lat="48.3104491" lon="-123.0000000"><ele>469.7</ele></trkpt><trkpt lat="48.3111727" lon="-123.0000000"><ele>467.3</ele></trkpt><trkpt lat="48.3118964" lon="-123.0000000"><ele>465.0</ele></trkpt><trkpt lat="48.3126200" lon="-123.0000000"><ele>462.9</ele></trkpt><trkpt lat="48.3133437" lon="-123.0000000"><ele>460.9</ele></trkpt><trkpt lat="48.3140674" lon="-123.0000000"><ele>459.1</ele></trkpt><trkpt lat="48.3147910" lon="-123.0000000"><ele>457.4</ele></trkpt><trkpt lat="48.3155147" lon="-123.0000000"><ele>456.0</ele></trkpt><trkpt lat="48.3162383" lon="-123.0000000"><ele>454.6</ele></trkpt><trkpt lat="48.3169620" lon="-123.0000000"><ele>453.5</ele></trkpt><trkpt lat="48.3176856" lon="-123.0000000"><ele>452.5</ele></trkpt><trkpt lat="48.3184093" lon="-123.0000000"><ele>451.7</ele></trkpt><trkpt lat="48.3191330" lon="-123.0000000"><ele>451.0</ele></trkpt><trkpt lat="48.3198566" lon="-123.0000000"><ele>450.5</ele></trkpt><trkpt lat="48.3205803" lon="-123.0000000"><ele>450.2</ele></trkpt><trkpt lat="48.3213039" lon="-123.0000000"><ele>450.0</ele></trkpt><trkpt lat="48.3220276" lon="-123.0000000"><ele>450.0</ele></trkpt><trkpt lat="48.3227512" lon="-123.0000000"><ele>450.2</ele></trkpt><trkpt lat="48.3234749" lon="-123.0000000"><ele>450.5</ele></trkpt><trkpt lat="48.3241986" lon="-123.0000000"><ele>451.1</ele></trkpt><trkpt lat="48.3249222" lon="-123.0000000"><ele>451.7</ele></trkpt><trkpt lat="48.3256459" lon="-123.0000000"><ele>452.6</ele></trkpt><trkpt lat="48.3263695" lon="-123.0000000"><ele>453.6</ele></trkpt><trkpt lat="48.3270932" lon="-123.0000000"><ele>454.8</ele></trkpt><trkpt lat="48.3278168" lon="-123.0000000"><ele>456.1</ele></trkpt><trkpt lat="48.3285405" lon="-123.0000000"><ele>457.6</ele></trkpt><trkpt lat="48.3292642" lon="-123.0000000"><ele>459.3</ele></trkpt><trkpt lat="48.3299878" lon="-123.0000000"><ele>461.1</ele></trkpt><trkpt lat="48.3307115" lon="-123.0000000"><ele>463.1</ele></trkpt><trkpt lat="48.3314351" lon="-123.0000000"><ele>465.2</ele></trkpt><trkpt lat="48.3321588" lon="-123.0000000"><ele>467.5</ele></trkpt><trkpt lat="48.3328824" lon="-123.0000000"><ele>470.0</ele></trkpt><trkpt lat="48.3336061" lon="-123.0000000"><ele>472.6</ele></trkpt><trkpt lat="48.3343298" lon="-123.0000000"><ele>475.3</ele></trkpt><trkpt lat="48.3350534" lon="-123.0000000"><ele>478.2</ele></trkpt><trkpt lat="48.3357771" lon="-123.0000000"><ele>481.3</ele></trkpt><trkpt lat="48.3365007" lon="-123.0000000"><ele>484.5</ele></trkpt><trkpt lat="48.3372244" lon="-123.0000000"><ele>487.8</ele></trkpt><trkpt lat="48.3379481" lon="-123.0000000"><ele>491.3</ele></trkpt><trkpt lat="48.3386717" lon="-123.0000000"><ele>494.9</ele></trkpt><trkpt lat="48.3393954" lon="-123.0000000"><ele>498.6</ele></trkpt><trkpt lat="48.3401190" lon="-123.0000000"><ele>502.5</ele></trkpt><trkpt lat="48.3408427" lon="-123.0000000"><ele>506.5</ele></trkpt><trkpt lat="48.3415663" lon="-123.0000000"><ele>510.6</ele></trkpt><trkpt lat="48.3422900" lon="-123.0000000"><ele>514.8</ele></trkpt><trkpt lat="48.3430137" lon="-123.0000000"><ele>519.2</ele></trkpt><trkpt lat="48.3437373" lon="-123.0000000"><ele>523.6</ele></trkpt><trkpt lat="48.3444610" lon="-123.0000000"><ele>528.2</ele></trkpt><trkpt lat="48.3451846" lon="-123.0000000"><ele>532.9</ele></trkpt><trkpt lat="48.3459083" lon="-123.0000000"><ele>537.6</ele></trkpt><trkpt lat="48.3466319" lon="-123.0000000"><ele>542.5</ele></trkpt><trkpt lat="48.3473556" lon="-123.0000000"><ele>547.5</ele></trkpt><trkpt lat="48.3480793" lon="-123.0000000"><ele>552.5</ele></trkpt><trkpt lat="48.3488029" lon="-123.0000000"><ele>557.7</ele></trkpt><trkpt lat="48.3495266" lon="-123.0000000"><ele>562.9</ele></trkpt><trkpt lat="48.3502502" lon="-123.0000000"><ele>568.2</ele></trkpt><trkpt lat="48.3509739" lon="-123.0000000"><ele>573.6</ele></trkpt><trkpt lat="48.3516975" lon="-123.0000000"><ele>579.0</ele></trkpt><trkpt lat="48.3524212" lon="-123.0000000"><ele>584.5</ele></trkpt><trkpt lat="48.3531449" lon="-123.0000000"><ele>590.1</ele></trkpt><trkpt lat="48.3538685" lon="-123.0000000"><ele>595.7</ele></trkpt><trkpt lat="48.3545922" lon="-123.0000000"><ele>601.4</ele></trkpt><trkpt lat="48.3553158" lon="-123.0000000"><ele>607.1</ele></trkpt><trkpt lat="48.3560395" lon="-123.0000000"><ele>612.9</ele></trkpt><trkpt lat="48.3567631" lon="-123.0000000"><ele>618.7</ele></trkpt><trkpt lat="48.3574868" lon="-123.0000000"><ele>624.5</ele></trkpt><trkpt lat="48.3582105" lon="-123.0000000"><ele>630.4</ele></trkpt><trkpt lat="48.3589341" lon="-123.0000000"><ele>636.3</ele></trkpt><trkpt lat="48.3596578" lon="-123.0000000"><ele>642.2</ele></trkpt><trkpt lat="48.3603814" lon="-123.0000000"><ele>648.1</ele></trkpt><trkpt lat="48.3611051" lon="-123.0000000"><ele>654.1</ele></trkpt><trkpt lat="48.3618288" lon="-123.0000000"><ele>660.0</ele></trkpt><trkpt lat="48.3625524" lon="-123.0000000"><ele>665.9</ele></trkpt><trkpt lat="48.3632761" lon="-123.0000000"><ele>671.9</ele></trkpt><trkpt lat="48.3639997" lon="-123.0000000"><ele>677.8</ele></trkpt><trkpt lat="48.3647234" lon="-123.0000000"><ele>683.7</ele></trkpt><trkpt lat="48.3654470" lon="-123.0000000"><ele>689.6</ele></trkpt><trkpt lat="48.3661707" lon="-123.0000000"><ele>695.5</ele></trkpt><trkpt lat="48.3668944" lon="-123.0000000"><ele>701.3</ele></trkpt><trkpt lat="48.3676180" lon="-123.0000000"><ele>707.1</ele></trkpt><trkpt lat="48.3683417" lon="-123.0000000"><ele>712.9</ele></trkpt><trkpt lat="48.3690653" lon="-123.0000000"><ele>718.6</ele></trkpt><trkpt lat="48.3697890" lon="-123.0000000"><ele>724.3</ele></trkpt><trkpt lat="48.3705126" lon="-123.0000000"><ele>729.9</ele></trkpt><trkpt lat="48.3712363" lon="-123.0000000"><ele>735.5</ele></trkpt><trkpt lat="48.3719600" lon="-123.0000000"><ele>741.0</ele></trkpt><trkpt lat="48.3726836" lon="-123.0000000"><ele>746.4</ele></trkpt><trkpt lat="48.3734073" lon="-123.0000000"><ele>751.8</ele></trkpt><trkpt lat="48.3741309" lon="-123.0000000"><ele>757.1</ele></trkpt><trkpt lat="48.3748546" lon="-123.0000000"><ele>762.3</ele></trkpt><trkpt lat="48.3755782" lon="-123.0000000"><ele>767.5</ele></trkpt><trkpt lat="48.3763019" lon="-123.0000000"><ele>772.5</ele></trkpt><trkpt lat="48.3770256" lon="-123.0000000"><ele>777.5</ele></trkpt><trkpt lat="48.3777492" lon="-123.0000000"><ele>782.4</ele></trkpt><trkpt lat="48.3784729" lon="-123.0000000"><ele>787.1</ele></trkpt><trkpt lat="48.3791965" lon="-123.0000000"><ele>791.8</ele></trkpt><trkpt lat="48.3799202" lon="-123.0000000"><ele>796.4</ele></trkpt><trkpt lat="48.3806438" lon="-123.0000000"><ele>800.8</ele></trkpt><trkpt lat="48.3813675" lon="-123.0000000"><ele>805.2</ele></trkpt><trkpt lat="48.3820912" lon="-123.0000000"><ele>809.4</ele></trkpt><trkpt lat="48.3828148" lon="-123.0000000"><ele>813.5</ele></trkpt><trkpt lat="48.3835385" lon="-123.0000000"><ele>817.5</ele></trkpt><trkpt lat="48.3842621" lon="-123.0000000"><ele>821.4</ele></trkpt><trkpt lat="48.3849858" lon="-123.0000000"><ele>825.1</ele></trkpt><trkpt lat="48.3857094" lon="-123.0000000"><ele>828.7</ele></trkpt><trkpt lat="48.3864331" lon="-123.0000000"><ele>832.2</ele></trkpt><trkpt lat="48.3871568" lon="-123.0000000"><ele>835.5</ele></trkpt><trkpt lat="48.3878804" lon="-123.0000000"><ele>838.7</ele></trkpt><trkpt lat="48.3886041" lon="-123.0000000"><ele>841.8</ele></trkpt><trkpt lat="48.3893277" lon="-123.0000000"><ele>844.7</ele></trkpt><trkpt lat="48.3900514" lon="-123.0000000"><ele>847.4</ele></trkpt><trkpt lat="48.3907751" lon="-123.0000000"><ele>850.0</ele></trkpt><trkpt lat="48.3914987" lon="-123.0000000"><ele>852.5</ele></trkpt><trkpt lat="48.3922224" lon="-123.0000000"><ele>854.8</ele></trkpt><trkpt lat="48.3929460" lon="-123.0000000"><ele>856.9</ele></trkpt><trkpt lat="48.3936697" lon="-123.0000000"><ele>858.9</ele></trkpt><trkpt lat="48.3943933" lon="-123.0000000"><ele>860.7</ele></trkpt><trkpt lat="48.3951170" lon="-123.0000000"><ele>862.4</ele></trkpt><trkpt lat="48.3958407" lon="-123.0000000"><ele>863.9</ele></trkpt><trkpt lat="48.3965643" lon="-123.0000000"><ele>865.2</ele></trkpt><trkpt lat="48.3972880" lon="-123.0000000"><ele>866.4</ele></trkpt><trkpt lat="48.3980116" lon="-123.0000000"><ele>867.4</ele></trkpt><trkpt lat="48.3987353" lon="-123.0000000"><ele>868.3</ele></trkpt><trkpt lat="48.3994589" lon="-123.0000000"><ele>868.9</ele></trkpt><trkpt lat="48.4001826" lon="-123.0000000"><ele>869.5</ele></trkpt><trkpt lat="48.4009063" lon="-123.0000000"><ele>869.8</ele></trkpt><trkpt lat="48.4016299" lon="-123.0000000"><ele>870.0</ele></trkpt><trkpt lat="48.4023536" lon="-123.0000000"><ele>870.0</ele></trkpt><trkpt lat="48.4030772" lon="-123.0000000"><ele>869.8</ele></trkpt><trkpt lat="48.4038009" lon="-123.0000000"><ele>869.5</ele></trkpt><trkpt lat="48.4045245" lon="-123.0000000"><ele>869.0</ele></trkpt><trkpt lat="48.4052482" lon="-123.0000000"><ele>868.3</ele></trkpt><trkpt lat="48.4059719" lon="-123.0000000"><ele>867.5</ele></trkpt><trkpt lat="48.4066955" lon="-123.0000000"><ele>866.5</ele></trkpt><trkpt lat="48.4074192" lon="-123.0000000"><ele>865.4</ele></trkpt><trkpt lat="48.4081428" lon="-123.0000000"><ele>864.0</ele></trkpt><trkpt lat="48.4088665" lon="-123.0000000"><ele>862.6</ele></trkpt><trkpt lat="48.4095901" lon="-123.0000000"><ele>860.9</ele></trkpt><trkpt lat="48.4103138" lon="-123.0000000"><ele>859.1</ele></trkpt><trkpt lat="48.4110375" lon="-123.0000000"><ele>857.1</ele></trkpt><trkpt lat="48.4117611" lon="-123.0000000"><ele>855.0</ele></trkpt><trkpt lat="48.4124848" lon="-123.0000000"><ele>852.7</ele></trkpt><trkpt lat="48.4132084" lon="-123.0000000"><ele>850.3</ele></trkpt><trkpt lat="48.4139321" lon="-123.0000000"><ele>847.7</ele></trkpt><trkpt lat="48.4146557" lon="-123.0000000"><ele>845.0</ele></trkpt><trkpt lat="48.4153794" lon="-123.0000000"><ele>842.1</ele></trkpt><trkpt lat="48.4161031" lon="-123.0000000"><ele>839.1</ele></trkpt><trkpt lat="48.4168267" lon="-123.0000000"><ele>835.9</ele></trkpt><trkpt lat="48.4175504" lon="-123.0000000"><ele>832.6</ele></trkpt><trkpt lat="48.4182740" lon="-123.0000000"><ele>829.1</ele></trkpt><trkpt lat="48.4189977" lon="-123.0000000"><ele>825.5</ele></trkpt><trkpt lat="48.4197214" lon="-123.0000000"><ele>821.8</ele></trkpt><trkpt lat="48.4204450" lon="-123.0000000"><ele>818.0</ele></trkpt><trkpt lat="48.4211687" lon="-123.0000000"><ele>814.0</ele></trkpt><trkpt lat="48.4218923" lon="-123.0000000"><ele>809.9</ele></trkpt><trkpt lat="48.4226160" lon="-123.0000000"><ele>805.7</ele></trkpt><trkpt lat="48.4233396" lon="-123.0000000"><ele>801.3</ele></trkpt><trkpt lat="48.4240633" lon="-123.0000000"><ele>796.9</ele></trkpt><trkpt lat="48.4247870" lon="-123.0000000"><ele>792.3</ele></trkpt><trkpt lat="48.4255106" lon="-123.0000000"><ele>787.7</ele></trkpt><trkpt lat="48.4262343" lon="-123.0000000"><ele>782.9</ele></trkpt><trkpt lat="48.4269579" lon="-123.0000000"><ele>778.0</ele></trkpt><trkpt lat="48.4276816" lon="-123.0000000"><ele>773.1</ele></trkpt><trkpt lat="48.4284052" lon="-123.0000000"><ele>768.0</ele></trkpt><trkpt lat="48.4291289" lon="-123.0000000"><ele>762.9</ele></trkpt><trkpt lat="48.4298526" lon="-123.0000000"><ele>757.7</ele></trkpt><trkpt lat="48.4305762" lon="-123.0000000"><ele>752.4</ele></trkpt><trkpt lat="48.4312999" lon="-123.0000000"><ele>747.0</ele></trkpt><trkpt lat="48.4320235" lon="-123.0000000"><ele>741.6</ele></trkpt><trkpt lat="48.4327472" lon="-123.0000000"><ele>736.1</ele></trkpt><trkpt lat="48.4334708" lon="-123.0000000"><ele>730.5</ele></trkpt><trkpt lat="48.4341945" lon="-123.0000000"><ele>724.9</ele></trkpt><trkpt lat="48.4349182" lon="-123.0000000"><ele>719.2</ele></trkpt><trkpt lat="48.4356418" lon="-123.0000000"><ele>713.5</ele></trkpt><trkpt lat="48.4363655" lon="-123.0000000"><ele>707.7</ele></trkpt><trkpt lat="48.4370891" lon="-123.0000000"><ele>701.9</ele></trkpt><trkpt lat="48.4378128" lon="-123.0000000"><ele>696.1</ele></trkpt><trkpt lat="48.4385364" lon="-123.0000000"><ele>690.2</ele></trkpt><trkpt lat="48.4392601" lon="-123.0000000"><ele>684.4</ele></trkpt><trkpt lat="48.4399838" lon="-123.0000000"><ele>678.4</ele></trkpt><trkpt lat="48.4407074" lon="-123.0000000"><ele>672.5</ele></trkpt><trkpt lat="48.4414311" lon="-123.0000000"><ele>666.6</ele></trkpt><trkpt lat="48.4421547" lon="-123.0000000"><ele>660.7</ele></trkpt><trkpt lat="48.4428784" lon="-123.0000000"><ele>654.7</ele></trkpt><trkpt lat="48.4436020" lon="-123.0000000"><ele>648.8</ele></trkpt><trkpt lat="48.4443257" lon="-123.0000000"><ele>642.9</ele></trkpt><trkpt lat="48.4450494" lon="-123.0000000"><ele>637.0</ele></trkpt><trkpt lat="48.4457730" lon="-123.0000000"><ele>631.1</ele></trkpt><trkpt lat="48.4464967" lon="-123.0000000"><ele>625.2</ele></trkpt><trkpt lat="48.4472203" lon="-123.0000000"><ele>619.4</ele></trkpt><trkpt lat="48.4479440" lon="-123.0000000"><ele>613.5</ele></trkpt><trkpt lat="48.4486676" lon="-123.0000000"><ele>607.8</ele></trkpt><trkpt lat="48.4493913" lon="-123.0000000"><ele>602.0</ele></trkpt><trkpt lat="48.4501150" lon="-123.0000000"><ele>596.4</ele></trkpt><trkpt lat="48.4508386" lon="-123.0000000"><ele>590.7</ele></trkpt><trkpt lat="48.4515623" lon="-123.0000000"><ele>585.2</ele></trkpt><trkpt lat="48.4522859" lon="-123.0000000"><ele>579.6</ele></trkpt><trkpt lat="48.4530096" lon="-123.0000000"><ele>574.2</ele></trkpt><trkpt lat="48.4537333" lon="-123.0000000"><ele>568.8</ele></trkpt><trkpt lat="48.4544569" lon="-123.0000000"><ele>563.5</ele></trkpt><trkpt lat="48.4551806" lon="-123.0000000"><ele>558.3</ele></trkpt><trkpt lat="48.4559042" lon="-123.0000000"><ele>553.1</ele></trkpt><trkpt lat="48.4566279" lon="-123.0000000"><ele>548.0</ele></trkpt><trkpt lat="48.4573515" lon="-123.0000000"><ele>543.1</ele></trkpt><trkpt lat="48.4580752" lon="-123.0000000"><ele>538.2</ele></trkpt><trkpt lat="48.4587989" lon="-123.0000000"><ele>533.4</ele></trkpt><trkpt lat="48.4595225" lon="-123.0000000"><ele>528.7</ele></trkpt><trkpt lat="48.4602462" lon="-123.0000000"><ele>524.1</ele></trkpt><trkpt lat="48.4609698" lon="-123.0000000"><ele>519.6</ele></trkpt><trkpt lat="48.4616935" lon="-123.0000000"><ele>515.3</ele></trkpt><trkpt lat="48.4624171" lon="-123.0000000"><ele>511.0</ele></trkpt><trkpt lat="48.4631408" lon="-123.0000000"><ele>506.9</ele></trkpt><trkpt lat="48.4638645" lon="-123.0000000"><ele>502.9</ele></trkpt><trkpt lat="48.4645881" lon="-123.0000000"><ele>499.0</ele></trkpt><trkpt lat="48.4653118" lon="-123.0000000"><ele>495.3</ele></trkpt><trkpt lat="48.4660354" lon="-123.0000000"><ele>491.7</ele></trkpt><trkpt lat="48.4667591" lon="-123.0000000"><ele>488.2</ele></trkpt><trkpt lat="48.4674827" lon="-123.0000000"><ele>484.8</ele></trkpt><trkpt lat="48.4682064" lon="-123.0000000"><ele>481.6</ele></trkpt><trkpt lat="48.4689301" lon="-123.0000000"><ele>478.6</ele></trkpt><trkpt lat="48.4696537" lon="-123.0000000"><ele>475.7</ele></trkpt><trkpt lat="48.4703774" lon="-123.0000000"><ele>472.9</ele></trkpt><trkpt lat="48.4711010" lon="-123.0000000"><ele>470.3</ele></trkpt><trkpt lat="48.4718247" lon="-123.0000000"><ele>467.8</ele></trkpt><trkpt lat="48.4725483" lon="-123.0000000"><ele>465.5</ele></trkpt><trkpt lat="48.4732720" lon="-123.0000000"><ele>463.3</ele></trkpt><trkpt lat="48.4739957" lon="-123.0000000"><ele>461.3</ele></trkpt><trkpt lat="48.4747193" lon="-123.0000000"><ele>459.5</ele></trkpt><trkpt lat="48.4754430" lon="-123.0000000"><ele>457.8</ele></trkpt><trkpt lat="48.4761666" lon="-123.0000000"><ele>456.3</ele></trkpt><trkpt lat="48.4768903" lon="-123.0000000"><ele>454.9</ele></trkpt><trkpt lat="48.4776139" lon="-123.0000000"><ele>453.7</ele></trkpt><trkpt lat="48.4783376" lon="-123.0000000"><ele>452.7</ele></trkpt><trkpt lat="48.4790613" lon="-123.0000000"><ele>451.8</ele></trkpt><trkpt lat="48.4797849" lon="-123.0000000"><ele>451.1</ele></trkpt><trkpt lat="48.4805086" lon="-123.0000000"><ele>450.6</ele></trkpt><trkpt lat="48.4812322" lon="-123.0000000"><ele>450.2</ele></trkpt><trkpt lat="48.4819559" lon="-123.0000000"><ele>450.0</ele></trkpt><trkpt lat="48.4826796" lon="-123.0000000"><ele>450.0</ele></trkpt><trkpt lat="48.4834032" lon="-123.0000000"><ele>450.1</ele></trkpt><trkpt lat="48.4841269" lon="-123.0000000"><ele>450.5</ele></trkpt><trkpt lat="48.4848505" lon="-123.0000000"><ele>450.9</ele></trkpt><trkpt lat="48.4855742" lon="-123.0000000"><ele>451.6</ele></trkpt><trkpt lat="48.4862978" lon="-123.0000000"><ele>452.4</ele></trkpt><trkpt lat="48.4870215" lon="-123.0000000"><ele>453.4</ele></trkpt><trkpt lat="48.4877452" lon="-123.0000000"><ele>454.5</ele></trkpt><trkpt lat="48.4884688" lon="-123.0000000"><ele>455.8</ele></trkpt><trkpt lat="48.4891925" lon="-123.0000000"><ele>457.3</ele></trkpt><trkpt lat="48.4899161" lon="-123.0000000"><ele>458.9</ele></trkpt><trkpt lat="48.4906398" lon="-123.0000000"><ele>460.7</ele></trkpt><trkpt lat="48.4913634" lon="-123.0000000"><ele>462.6</ele></trkpt><trkpt lat="48.4920871" lon="-123.0000000"><ele>464.7</ele></trkpt><trkpt lat="48.4928108" lon="-123.0000000"><ele>467.0</ele></trkpt><trkpt lat="48.4935344" lon="-123.0000000"><ele>469.4</ele></trkpt><trkpt lat="48.4942581" lon="-123.0000000"><ele>472.0</ele></trkpt><trkpt lat="48.4949817" lon="-123.0000000"><ele>474.7</ele></trkpt><trkpt lat="48.4957054" lon="-123.0000000"><ele>477.6</ele></trkpt><trkpt lat="48.4964290" lon="-123.0000000"><ele>480.6</ele></trkpt><trkpt lat="48.4971527" lon="-123.0000000"><ele>483.8</ele></trkpt><trkpt lat="48.4978764" lon="-123.0000000"><ele>487.1</ele></trkpt><trkpt lat="48.4986000" lon="-123.0000000"><ele>490.5</ele></trkpt><trkpt lat="48.4993237" lon="-123.0000000"><ele>494.1</ele></trkpt><trkpt lat="48.5000473" lon="-123.0000000"><ele>497.8</ele></trkpt><trkpt lat="48.5007710" lon="-123.0000000"><ele>501.6</ele></trkpt><trkpt lat="48.5014946" lon="-123.0000000"><ele>505.6</ele></trkpt><trkpt lat="48.5022183" lon="-123.0000000"><ele>509.7</ele></trkpt><trkpt lat="48.5029420" lon="-123.0000000"><ele>513.9</ele></trkpt><trkpt lat="48.5036656" lon="-123.0000000"><ele>518.2</ele></trkpt><trkpt lat="48.5043893" lon="-123.0000000"><ele>522.6</ele></trkpt><trkpt lat="48.5051129" lon="-123.0000000"><ele>527.2</ele></trkpt><trkpt lat="48.5058366" lon="-123.0000000"><ele>531.8</ele></trkpt><trkpt lat="48.5065602" lon="-123.0000000"><ele>536.6</ele></trkpt><trkpt lat="48.5072839" lon="-123.0000000"><ele>541.4</ele></trkpt><trkpt lat="48.5080076" lon="-123.0000000"><ele>546.4</ele></trkpt><trkpt lat="48.5087312" lon="-123.0000000"><ele>551.4</ele></trkpt><trkpt lat="48.5094549" lon="-123.0000000"><ele>556.5</ele></trkpt><trkpt lat="48.5101785" lon="-123.0000000"><ele>561.7</ele></trkpt><trkpt lat="48.5109022" lon="-123.0000000"><ele>567.0</ele></trkpt><trkpt lat="48.5116259" lon="-123.0000000"><ele>572.4</ele></trkpt><trkpt lat="48.5123495" lon="-123.0000000"><ele>577.8</ele></trkpt><trkpt lat="48.5130732" lon="-123.0000000"><ele>583.3</ele></trkpt><trkpt lat="48.5137968" lon="-123.0000000"><ele>588.9</ele></trkpt><trkpt lat="48.5145205" lon="-123.0000000"><ele>594.5</ele></trkpt><trkpt lat="48.5152441" lon="-123.0000000"><ele>600.1</ele></trkpt><trkpt lat="48.5159678" lon="-123.0000000"><ele>605.9</ele></trkpt><trkpt lat="48.5166915" lon="-123.0000000"><ele>611.6</ele></trkpt><trkpt lat="48.5174151" lon="-123.0000000"><ele>617.4</ele></trkpt><trkpt lat="48.5181388" lon="-123.0000000"><ele>623.2</ele></trkpt><trkpt lat="48.5188624" lon="-123.0000000"><ele>629.1</ele></trkpt><trkpt lat="48.5195861" lon="-123.0000000"><ele>635.0</ele></trkpt><trkpt lat="48.5203097" lon="-123.0000000"><ele>640.9</ele></trkpt><trkpt lat="48.5210334" lon="-123.0000000"><ele>646.8</ele></trkpt><trkpt lat="48.5217571" lon="-123.0000000"><ele>652.7</ele></trkpt><trkpt lat="48.5224807" lon="-123.0000000"><ele>658.7</ele></trkpt><trkpt lat="48.5232044" lon="-123.0000000"><ele>664.6</ele></trkpt><trkpt lat="48.5239280" lon="-123.0000000"><ele>670.6</ele></trkpt><trkpt lat="48.5246517" lon="-123.0000000"><ele>676.5</ele></trkpt><trkpt lat="48.5253753" lon="-123.0000000"><ele>682.4</ele></trkpt><trkpt lat="48.5260990" lon="-123.0000000"><ele>688.3</ele></trkpt><trkpt lat="48.5268227" lon="-123.0000000"><ele>694.2</ele></trkpt><trkpt lat="48.5275463" lon="-123.0000000"><ele>700.0</ele></trkpt><trkpt lat="48.5282700" lon="-123.0000000"><ele>705.8</ele></trkpt><trkpt lat="48.5289936" lon="-123.0000000"><ele>711.6</ele></trkpt><trkpt lat="48.5297173" lon="-123.0000000"><ele>717.3</ele></trkpt><trkpt lat="48.5304409" lon="-123.0000000"><ele>723.0</ele></trkpt><trkpt lat="48.5311646" lon="-123.0000000"><ele>728.6</ele></trkpt><trkpt lat="48.5318883" lon="-123.0000000"><ele>734.2</ele></trkpt><trkpt lat="48.5326119" lon="-123.0000000"><ele>739.8</ele></trkpt><trkpt lat="48.5333356" lon="-123.0000000"><ele>745.2</ele></trkpt><trkpt lat="48.5340592" lon="-123.0000000"><ele>750.6</ele></trkpt><trkpt lat="48.5347829" lon="-123.0000000"><ele>755.9</ele></trkpt><trkpt lat="48.5355066" lon="-123.0000000"><ele>761.2</ele></trkpt><trkpt lat="48.5362302" lon="-123.0000000"><ele>766.3</ele></trkpt><trkpt lat="48.5369539" lon="-123.0000000"><ele>771.4</ele></trkpt><trkpt lat="48.5376775" lon="-123.0000000"><ele>776.4</ele></trkpt><trkpt lat="48.5384012" lon="-123.0000000"><ele>781.3</ele></trkpt><trkpt lat="48.5391248" lon="-123.0000000"><ele>786.1</ele></trkpt><trkpt lat="48.5398485" lon="-123.0000000"><ele>790.8</ele></trkpt><trkpt lat="48.5405722" lon="-123.0000000"><ele>795.4</ele></trkpt><trkpt lat="48.5412958" lon="-123.0000000"><ele>799.9</ele></trkpt><trkpt lat="48.5420195" lon="-123.0000000"><ele>804.2</ele></trkpt><trkpt lat="48.5427431" lon="-123.0000000"><ele>808.5</ele></trkpt><trkpt lat="48.5434668" lon="-123.0000000"><ele>812.6</ele></trkpt><trkpt lat="48.5441904" lon="-123.0000000"><ele>816.6</ele></trkpt><trkpt lat="48.5449141" lon="-123.0000000"><ele>820.5</ele></trkpt><trkpt lat="48.5456378" lon="-123.0000000"><ele>824.3</ele></trkpt><trkpt lat="48.5463614" lon="-123.0000000"><ele>827.9</ele></trkpt><trkpt lat="48.5470851" lon="-123.0000000"><ele>831.4</ele></trkpt><trkpt lat="48.5478087" lon="-123.0000000"><ele>834.8</ele></trkpt><trkpt lat="48.5485324" lon="-123.0000000"><ele>838.0</ele></trkpt><trkpt lat="48.5492560" lon="-123.0000000"><ele>841.1</ele></trkpt><trkpt lat="48.5499797" lon="-123.0000000"><ele>844.0</ele></trkpt><trkpt lat="48.5507034" lon="-123.0000000"><ele>846.8</ele></trkpt><trkpt lat="48.5514270" lon="-123.0000000"><ele>849.4</ele></trkpt><trkpt lat="48.5521507" lon="-123.0000000"><ele>851.9</ele></trkpt><trkpt lat="48.5528743" lon="-123.0000000"><ele>854.3</ele></trkpt><trkpt lat="48.5535980" lon="-123.0000000"><ele>856.4</ele></trkpt><trkpt lat="48.5543216" lon="-123.0000000"><ele>858.5</ele></trkpt><trkpt lat="48.5550453" lon="-123.0000000"><ele>860.3</ele></trkpt><trkpt lat="48.5557690" lon="-123.0000000"><ele>862.0</ele></trkpt><trkpt lat="48.5564926" lon="-123.0000000"><ele>863.6</ele></trkpt><trkpt lat="48.5572163" lon="-123.0000000"><ele>864.9</ele></trkpt><trkpt lat="48.5579399" lon="-123.0000000"><ele>866.2</ele></trkpt><trkpt lat="48.5586636" lon="-123.0000000"><ele>867.2</ele></trkpt><trkpt lat="48.5593872" lon="-123.0000000"><ele>868.1</ele></trkpt><trkpt lat="48.5601109" lon="-123.0000000"><ele>868.8</ele></trkpt><trkpt lat="48.5608346" lon="-123.0000000"><ele>869.4</ele></trkpt><trkpt lat="48.5615582" lon="-123.0000000"><ele>869.7</ele></trkpt><trkpt lat="48.5622819" lon="-123.0000000"><ele>869.9</ele></trkpt><trkpt lat="48.5630055" lon="-123.0000000"><ele>870.0</ele></trkpt><trkpt lat="48.5637292" lon="-123.0000000"><ele>869.9</ele></trkpt><trkpt lat="48.5644529" lon="-123.0000000"><ele>869.6</ele></trkpt><trkpt lat="48.5651765" lon="-123.0000000"><ele>869.1</ele></trkpt><trkpt lat="48.5659002" lon="-123.0000000"><ele>868.5</ele></trkpt><trkpt lat="48.5666238" lon="-123.0000000"><ele>867.7</ele></trkpt><trkpt lat="48.5673475" lon="-123.0000000"><ele>866.8</ele></trkpt><trkpt lat="48.5680711" lon="-123.0000000"><ele>865.6</ele></trkpt><trkpt lat="48.5687948" lon="-123.0000000"><ele>864.4</ele></trkpt><trkpt lat="48.5695185" lon="-123.0000000"><ele>862.9</ele></trkpt><trkpt lat="48.5702421" lon="-123.0000000"><ele>861.3</ele></trkpt><trkpt lat="48.5709658" lon="-123.0000000"><ele>859.5</ele></trkpt><trkpt lat="48.5716894" lon="-123.0000000"><ele>857.6</ele></trkpt><trkpt lat="48.5724131" lon="-123.0000000"><ele>855.5</ele></trkpt><trkpt lat="48.5731367" lon="-123.0000000"><ele>853.2</ele></trkpt><trkpt lat="48.5738604" lon="-123.0000000"><ele>850.8</ele></trkpt><trkpt lat="48.5745841" lon="-123.0000000"><ele>848.3</ele></trkpt><trkpt lat="48.5753077" lon="-123.0000000"><ele>845.6</ele></trkpt><trkpt lat="48.5760314" lon="-123.0000000"><ele>842.7</ele></trkpt><trkpt lat="48.5767550" lon="-123.0000000"><ele>839.7</ele></trkpt><trkpt lat="48.5774787" lon="-123.0000000"><ele>836.6</ele></trkpt><trkpt lat="48.5782023" lon="-123.0000000"><ele>833.3</ele></trkpt><trkpt lat="48.5789260" lon="-123.0000000"><ele>829.9</ele></trkpt><trkpt lat="48.5796497" lon="-123.0000000"><ele>826.3</ele></trkpt><trkpt lat="48.5803733" lon="-123.0000000"><ele>822.6</ele></trkpt><trkpt lat="48.5810970" lon="-123.0000000"><ele>818.8</ele></trkpt><trkpt lat="48.5818206" lon="-123.0000000"><ele>814.9</ele></trkpt><trkpt lat="48.5825443" lon="-123.0000000"><ele>810.8</ele></trkpt><trkpt lat="48.5832679" lon="-123.0000000"><ele>806.6</ele></trkpt><trkpt lat="48.5839916" lon="-123.0000000"><ele>802.3</ele></trkpt><trkpt lat="48.5847153" lon="-123.0000000"><ele>797.9</ele></trkpt><trkpt lat="48.5854389" lon="-123.0000000"><ele>793.4</ele></trkpt><trkpt lat="48.5861626" lon="-123.0000000"><ele>788.7</ele></trkpt><trkpt lat="48.5868862" lon="-123.0000000"><ele>784.0</ele></trkpt><trkpt lat="48.5876099" lon="-123.0000000"><ele>779.1</ele></trkpt><trkpt lat="48.5883335" lon="-123.0000000"><ele>774.2</ele></trkpt><trkpt lat="48.5890572" lon="-123.0000000"><ele>769.2</ele></trkpt><trkpt lat="48.5897809" lon="-123.0000000"><ele>764.0</ele></trkpt><trkpt lat="48.5905045" lon="-123.0000000"><ele>758.8</ele></trkpt><trkpt lat="48.5912282" lon="-123.0000000"><ele>753.6</ele></trkpt><trkpt lat="48.5919518" lon="-123.0000000"><ele>748.2</ele></trkpt><trkpt lat="48.5926755" lon="-123.0000000"><ele>742.8</ele></trkpt><trkpt lat="48.5933992" lon="-123.0000000"><ele>737.3</ele></trkpt><trkpt lat="48.5941228" lon="-123.0000000"><ele>731.8</ele></trkpt><trkpt lat="48.5948465" lon="-123.0000000"><ele>726.1</ele></trkpt><trkpt lat="48.5955701" lon="-123.0000000"><ele>720.5</ele></trkpt><trkpt lat="48.5962938" lon="-123.0000000"><ele>714.8</ele></trkpt><trkpt lat="48.5970174" lon="-123.0000000"><ele>709.0</ele></trkpt><trkpt lat="48.5977411" lon="-123.0000000"><ele>703.2</ele></trkpt><trkpt lat="48.5984648" lon="-123.0000000"><ele>697.4</ele></trkpt><trkpt lat="48.5991884" lon="-123.0000000"><ele>691.5</ele></trkpt><trkpt lat="48.5999121" lon="-123.0000000"><ele>685.7</ele></trkpt><trkpt lat="48.6006357" lon="-123.0000000"><ele>679.8</ele></trkpt><trkpt lat="48.6013594" lon="-123.0000000"><ele>673.8</ele></trkpt><trkpt lat="48.6020830" lon="-123.0000000"><ele>667.9</ele></trkpt><trkpt lat="48.6028067" lon="-123.0000000"><ele>662.0</ele></trkpt><trkpt lat="48.6035304" lon="-123.0000000"><ele>656.0</ele></trkpt><trkpt lat="48.6042540" lon="-123.0000000"><ele>650.1</ele></trkpt><trkpt lat="48.6049777" lon="-123.0000000"><ele>644.2</ele></trkpt><trkpt lat="48.6057013" lon="-123.0000000"><ele>638.3</ele></trkpt><trkpt lat="48.6064250" lon="-123.0000000"><ele>632.4</ele></trkpt><trkpt lat="48.6071486" lon="-123.0000000"><ele>626.5</ele></trkpt><trkpt lat="48.6078723" lon="-123.0000000"><ele>620.6</ele></trkpt><trkpt lat="48.6085960" lon="-123.0000000"><ele>614.8</ele></trkpt><trkpt lat="48.6093196" lon="-123.0000000"><ele>609.1</ele></trkpt><trkpt lat="48.6100433" lon="-123.0000000"><ele>603.3</ele></trkpt><trkpt lat="48.6107669" lon="-123.0000000"><ele>597.6</ele></trkpt><trkpt lat="48.6114906" lon="-123.0000000"><ele>592.0</ele></trkpt><trkpt lat="48.6122142" lon="-123.0000000"><ele>586.4</ele></trkpt><trkpt lat="48.6129379" lon="-123.0000000"><ele>580.9</ele></trkpt><trkpt lat="48.6136616" lon="-123.0000000"><ele>575.4</ele></trkpt><trkpt lat="48.6143852" lon="-123.0000000"><ele>570.0</ele></trkpt><trkpt lat="48.6151089" lon="-123.0000000"><ele>564.7</ele></trkpt><trkpt lat="48.6158325" lon="-123.0000000"><ele>559.4</ele></trkpt><trkpt lat="48.6165562" lon="-123.0000000"><ele>554.2</ele></trkpt><trkpt lat="48.6172798" lon="-123.0000000"><ele>549.2</ele></trkpt><trkpt lat="48.6180035" lon="-123.0000000"><ele>544.2</ele></trkpt><trkpt lat="48.6187272" lon="-123.0000000"><ele>539.2</ele></trkpt><trkpt lat="48.6194508" lon="-123.0000000"><ele>534.4</ele></trkpt><trkpt lat="48.6201745" lon="-123.0000000"><ele>529.7</ele></trkpt><trkpt lat="48.6208981" lon="-123.0000000"><ele>525.1</ele></trkpt><trkpt lat="48.6216218" lon="-123.0000000"><ele>520.6</ele></trkpt><trkpt lat="48.6223454" lon="-123.0000000"><ele>516.2</ele></trkpt><trkpt lat="48.6230691" lon="-123.0000000"><ele>512.0</ele></trkpt><trkpt lat="48.6237928" lon="-123.0000000"><ele>507.8</ele></trkpt><trkpt lat="48.6245164" lon="-123.0000000"><ele>503.8</ele></trkpt><trkpt lat="48.6252401" lon="-123.0000000"><ele>499.9</ele></trkpt><trkpt lat="48.6259637" lon="-123.0000000"><ele>496.1</ele></trkpt><trkpt lat="48.6266874" lon="-123.0000000"><ele>492.5</ele></trkpt><trkpt lat="48.6274111" lon="-123.0000000"><ele>489.0</ele></trkpt><trkpt lat="48.6281347" lon="-123.0000000"><ele>485.6</ele></trkpt><trkpt lat="48.6288584" lon="-123.0000000"><ele>482.3</ele></trkpt><trkpt lat="48.6295820" lon="-123.0000000"><ele>479.2</ele></trkpt><trkpt lat="48.6303057" lon="-123.0000000"><ele>476.3</ele></trkpt><trkpt lat="48.6310293" lon="-123.0000000"><ele>473.5</ele></trkpt><trkpt lat="48.6317530" lon="-123.0000000"><ele>470.8</ele></trkpt><trkpt lat="48.6324767" lon="-123.0000000"><ele>468.3</ele></trkpt><trkpt lat="48.6332003" lon="-123.0000000"><ele>466.0</ele></trkpt><trkpt lat="48.6339240" lon="-123.0000000"><ele>463.8</ele></trkpt><trkpt lat="48.6346476" lon="-123.0000000"><ele>461.8</ele></trkpt><trkpt lat="48.6353713" lon="-123.0000000"><ele>459.9</ele></trkpt><trkpt lat="48.6360949" lon="-123.0000000"><ele>458.2</ele></trkpt><trkpt lat="48.6368186" lon="-123.0000000"><ele>456.6</ele></trkpt><trkpt lat="48.6375423" lon="-123.0000000"><ele>455.2</ele></trkpt><trkpt lat="48.6382659" lon="-123.0000000"><ele>454.0</ele></trkpt><trkpt lat="48.6389896" lon="-123.0000000"><ele>452.9</ele></trkpt><trkpt lat="48.6397132" lon="-123.0000000"><ele>452.0</ele></trkpt><trkpt lat="48.6404369" lon="-123.0000000"><ele>451.3</ele></trkpt><trkpt lat="48.6411605" lon="-123.0000000"><ele>450.7</ele></trkpt><trkpt lat="48.6418842" lon="-123.0000000"><ele>450.3</ele></trkpt><trkpt lat="48.6426079" lon="-123.0000000"><ele>450.1</ele></trkpt><trkpt lat="48.6433315" lon="-123.0000000"><ele>450.0</ele></trkpt><trkpt lat="48.6440552" lon="-123.0000000"><ele>450.1</ele></trkpt><trkpt lat="48.6447788" lon="-123.0000000"><ele>450.4</ele></trkpt><trkpt lat="48.6455025" lon="-123.0000000"><ele>450.8</ele></trkpt><trkpt lat="48.6462261" lon="-123.0000000"><ele>451.4</ele></trkpt><trkpt lat="48.6469498" lon="-123.0000000"><ele>452.2</ele></trkpt><trkpt lat="48.6476735" lon="-123.0000000"><ele>453.1</ele></trkpt><trkpt lat="48.6483971" lon="-123.0000000"><ele>454.2</ele></trkpt><trkpt lat="48.6491208" lon="-123.0000000"><ele>455.5</ele></trkpt><trkpt lat="48.6498444" lon="-123.0000000"><ele>456.9</ele></trkpt><trkpt lat="48.6505681" lon="-123.0000000"><ele>458.5</ele></trkpt><trkpt lat="48.6512917" lon="-123.0000000"><ele>460.3</ele></trkpt><trkpt lat="48.6520154" lon="-123.0000000"><ele>462.2</ele></trkpt><trkpt lat="48.6527391" lon="-123.0000000"><ele>464.3</ele></trkpt><trkpt lat="48.6534627" lon="-123.0000000"><ele>466.5</ele></trkpt><trkpt lat="48.6541864" lon="-123.0000000"><ele>468.9</ele></trkpt><trkpt lat="48.6549100" lon="-123.0000000"><ele>471.4</ele></trkpt><trkpt lat="48.6556337" lon="-123.0000000"><ele>474.1</ele></trkpt><trkpt lat="48.6563574" lon="-123.0000000"><ele>476.9</ele></trkpt><trkpt lat="48.6570810" lon="-123.0000000"><ele>479.9</ele></trkpt><trkpt lat="48.6578047" lon="-123.0000000"><ele>483.0</ele></trkpt><trkpt lat="48.6585283" lon="-123.0000000"><ele>486.3</ele></trkpt><trkpt lat="48.6592520" lon="-123.0000000"><ele>489.7</ele></trkpt><trkpt lat="48.6599756" lon="-123.0000000"><ele>493.3</ele></trkpt><trkpt lat="48.6606993" lon="-123.0000000"><ele>496.9</ele></trkpt><trkpt lat="48.6614230" lon="-123.0000000"><ele>500.7</ele></trkpt><trkpt lat="48.6621466" lon="-123.0000000"><ele>504.7</ele></trkpt><trkpt lat="48.6628703" lon="-123.0000000"><ele>508.7</ele></trkpt><trkpt lat="48.6635939" lon="-123.0000000"><ele>512.9</ele></trkpt><trkpt lat="48.6643176" lon="-123.0000000"><ele>517.2</ele></trkpt><trkpt lat="48.6650412" lon="-123.0000000"><ele>521.6</ele></trkpt><trkpt lat="48.6657649" lon="-123.0000000"><ele>526.1</ele></trkpt><trkpt lat="48.6664886" lon="-123.0000000"><ele>530.8</ele></trkpt><trkpt lat="48.6672122" lon="-123.0000000"><ele>535.5</ele></trkpt><trkpt lat="48.6679359" lon="-123.0000000"><ele>540.3</ele></trkpt><trkpt lat="48.6686595" lon="-123.0000000"><ele>545.3</ele></trkpt><trkpt lat="48.6693832" lon="-123.0000000"><ele>550.3</ele></trkpt><trkpt lat="48.6701068" lon="-123.0000000"><ele>555.4</ele></trkpt><trkpt lat="48.6708305" lon="-123.0000000"><ele>560.6</ele></trkpt><trkpt lat="48.6715542" lon="-123.0000000"><ele>565.8</ele></trkpt><trkpt lat="48.6722778" lon="-123.0000000"><ele>571.2</ele></trkpt><trkpt lat="48.6730015" lon="-123.0000000"><ele>576.6</ele></trkpt><trkpt lat="48.6737251" lon="-123.0000000"><ele>582.1</ele></trkpt><trkpt lat="48.6744488" lon="-123.0000000"><ele>587.6</ele></trkpt><trkpt lat="48.6751724" lon="-123.0000000"><ele>593.2</ele></trkpt><trkpt lat="48.6758961" lon="-123.0000000"><ele>598.9</ele></trkpt><trkpt lat="48.6766198" lon="-123.0000000"><ele>604.6</ele></trkpt><trkpt lat="48.6773434" lon="-123.0000000"><ele>610.3</ele></trkpt><trkpt lat="48.6780671" lon="-123.0000000"><ele>616.1</ele></trkpt><trkpt lat="48.6787907" lon="-123.0000000"><ele>621.9</ele></trkpt><trkpt lat="48.6795144" lon="-123.0000000"><ele>627.8</ele></trkpt><trkpt lat="48.6802380" lon="-123.0000000"><ele>633.7</ele></trkpt><trkpt lat="48.6809617" lon="-123.0000000"><ele>639.6</ele></trkpt><trkpt lat="48.6816854" lon="-123.0000000"><ele>645.5</ele></trkpt><trkpt lat="48.6824090" lon="-123.0000000"><ele>651.4</ele></trkpt><trkpt lat="48.6831327" lon="-123.0000000"><ele>657.4</ele></trkpt><trkpt lat="48.6838563" lon="-123.0000000"><ele>663.3</ele></trkpt><trkpt lat="48.6845800" lon="-123.0000000"><ele>669.2</ele></trkpt><trkpt lat="48.6853037" lon="-123.0000000"><ele>675.2</ele></trkpt><trkpt lat="48.6860273" lon="-123.0000000"><ele>681.1</ele></trkpt><trkpt lat="48.6867510" lon="-123.0000000"><ele>687.0</ele></trkpt><trkpt lat="48.6874746" lon="-123.0000000"><ele>692.9</ele></trkpt><trkpt lat="48.6881983" lon="-123.0000000"><ele>698.7</ele></trkpt><trkpt lat="48.6889219" lon="-123.0000000"><ele>704.5</ele></trkpt><trkpt lat="48.6896456" lon="-123.0000000"><ele>710.3</ele></trkpt><trkpt lat="48.6903693" lon="-123.0000000"><ele>716.0</ele></trkpt><trkpt lat="48.6910929" lon="-123.0000000"><ele>721.7</ele></trkpt><trkpt lat="48.6918166" lon="-123.0000000"><ele>727.4</ele></trkpt><trkpt lat="48.6925402" lon="-123.0000000"><ele>733.0</ele></trkpt><trkpt lat="48.6932639" lon="-123.0000000"><ele>738.5</ele></trkpt><trkpt lat="48.6939875" lon="-123.0000000"><ele>744.0</ele></trkpt><trkpt lat="48.6947112" lon="-123.0000000"><ele>749.4</ele></trkpt><trkpt lat="48.6954349" lon="-123.0000000"><ele>754.7</ele></trkpt><trkpt lat="48.6961585" lon="-123.0000000"><ele>760.0</ele></trkpt><trkpt lat="48.6968822" lon="-123.0000000"><ele>765.2</ele></trkpt><trkpt lat="48.6976058" lon="-123.0000000"><ele>770.3</ele></trkpt><trkpt lat="48.6983295" lon="-123.0000000"><ele>775.3</ele></trkpt><trkpt lat="48.6990531" lon="-123.0000000"><ele>780.2</ele></trkpt><trkpt lat="48.6997768" lon="-123.0000000"><ele>785.0</ele></trkpt><trkpt lat="48.7005005" lon="-123.0000000"><ele>789.8</ele></trkpt><trkpt lat="48.7012241" lon="-123.0000000"><ele>794.4</ele></trkpt><trkpt lat="48.7019478" lon="-123.0000000"><ele>798.9</ele></trkpt><trkpt lat="48.7026714" lon="-123.0000000"><ele>803.3</ele></trkpt><trkpt lat="48.7033951" lon="-123.0000000"><ele>807.6</ele></trkpt><trkpt lat="48.7041187" lon="-123.0000000"><ele>811.7</ele></trkpt><trkpt lat="48.7048424" lon="-123.0000000"><ele>815.8</ele></trkpt><trkpt lat="48.7055661" lon="-123.0000000"><ele>819.7</ele></trkpt><trkpt lat="48.7062897" lon="-123.0000000"><ele>823.5</ele></trkpt><trkpt lat="48.7070134" lon="-123.0000000"><ele>827.1</ele></trkpt><trkpt lat="48.7077370" lon="-123.0000000"><ele>830.7</ele></trkpt><trkpt lat="48.7084607" lon="-123.0000000"><ele>834.1</ele></trkpt><trkpt lat="48.7091844" lon="-123.0000000"><ele>837.3</ele></trkpt><trkpt lat="48.7099080" lon="-123.0000000"><ele>840.4</ele></trkpt><trkpt lat="48.7106317" lon="-123.0000000"><ele>843.4</ele></trkpt><trkpt lat="48.7113553" lon="-123.0000000"><ele>846.2</ele></trkpt><trkpt lat="48.7120790" lon="-123.0000000"><ele>848.9</ele></trkpt><trkpt lat="48.7128026" lon="-123.0000000"><ele>851.4</ele></trkpt><trkpt lat="48.7135263" lon="-123.0000000"><ele>853.8</ele></trkpt><trkpt lat="48.7142500" lon="-123.0000000"><ele>856.0</ele></trkpt><trkpt lat="48.7149736" lon="-123.0000000"><ele>858.0</ele></trkpt><trkpt lat="48.7156973" lon="-123.0000000"><ele>859.9</ele></trkpt><trkpt lat="48.7164209" lon="-123.0000000"><ele>861.7</ele></trkpt><trkpt lat="48.7171446" lon="-123.0000000"><ele>863.2</ele></trkpt><trkpt lat="48.7178682" lon="-123.0000000"><ele>864.7</ele></trkpt><trkpt lat="48.7185919" lon="-123.0000000"><ele>865.9</ele></trkpt><trkpt lat="48.7193156" lon="-123.0000000"><ele>867.0</ele></trkpt><trkpt lat="48.7200392" lon="-123.0000000"><ele>867.9</ele></trkpt><trkpt lat="48.7207629" lon="-123.0000000"><ele>868.7</ele></trkpt><trkpt lat="48.7214865" lon="-123.0000000"><ele>869.2</ele></trkpt><trkpt lat="48.7222102" lon="-123.0000000"><ele>869.7</ele></trkpt><trkpt lat="48.7229338" lon="-123.0000000"><ele>869.9</ele></trkpt><trkpt lat="48.7236575" lon="-123.0000000"><ele>870.0</ele></trkpt><trkpt lat="48.7243812" lon="-123.0000000"><ele>869.9</ele></trkpt><trkpt lat="48.7251048" lon="-123.0000000"><ele>869.7</ele></trkpt><trkpt lat="48.7258285" lon="-123.0000000"><ele>869.2</ele></trkpt><trkpt lat="48.7265521" lon="-123.0000000"><ele>868.7</ele></trkpt><trkpt lat="48.7272758" lon="-123.0000000"><ele>867.9</ele></trkpt><trkpt lat="48.7279994" lon="-123.0000000"><ele>867.0</ele></trkpt><trkpt lat="48.7287231" lon="-123.0000000"><ele>865.9</ele></trkpt><trkpt lat="48.7294468" lon="-123.0000000"><ele>864.7</ele></trkpt><trkpt lat="48.7301704" lon="-123.0000000"><ele>863.2</ele></trkpt><trkpt lat="48.7308941" lon="-123.0000000"><ele>861.7</ele></trkpt><trkpt lat="48.7316177" lon="-123.0000000"><ele>859.9</ele></trkpt><trkpt lat="48.7323414" lon="-123.0000000"><ele>858.0</ele></trkpt><trkpt lat="48.7330650" lon="-123.0000000"><ele>856.0</ele></trkpt><trkpt lat="48.7337887" lon="-123.0000000"><ele>853.8</ele></trkpt><trkpt lat="48.7345124" lon="-123.0000000"><ele>851.4</ele></trkpt><trkpt lat="48.7352360" lon="-123.0000000"><ele>848.9</ele></trkpt><trkpt lat="48.7359597" lon="-123.0000000"><ele>846.2</ele></trkpt><trkpt lat="48.7366833" lon="-123.0000000"><ele>843.4</ele></trkpt><trkpt lat="48.7374070" lon="-123.0000000"><ele>840.4</ele></trkpt><trkpt lat="48.7381307" lon="-123.0000000"><ele>837.3</ele></trkpt><trkpt lat="48.7388543" lon="-123.0000000"><ele>834.1</ele></trkpt><trkpt lat="48.7395780" lon="-123.0000000"><ele>830.7</ele></trkpt><trkpt lat="48.7403016" lon="-123.0000000"><ele>827.1</ele></trkpt><trkpt lat="48.7410253" lon="-123.0000000"><ele>823.5</ele></trkpt><trkpt lat="48.7417489" lon="-123.0000000"><ele>819.7</ele></trkpt><trkpt lat="48.7424726" lon="-123.0000000"><ele>815.8</ele></trkpt><trkpt lat="48.7431963" lon="-123.0000000"><ele>811.7</ele></trkpt><trkpt lat="48.7439199" lon="-123.0000000"><ele>807.6</ele></trkpt><trkpt lat="48.7446436" lon="-123.0000000"><ele>803.3</ele></trkpt><trkpt lat="48.7453672" lon="-123.0000000"><ele>798.9</ele></trkpt><trkpt lat="48.7460909" lon="-123.0000000"><ele>794.4</ele></trkpt><trkpt lat="48.7468145" lon="-123.0000000"><ele>789.8</ele></trkpt><trkpt lat="48.7475382" lon="-123.0000000"><ele>785.0</ele></trkpt><trkpt lat="48.7482619" lon="-123.0000000"><ele>780.2</ele></trkpt><trkpt lat="48.7489855" lon="-123.0000000"><ele>775.3</ele></trkpt><trkpt lat="48.7497092" lon="-123.0000000"><ele>770.3</ele></trkpt><trkpt lat="48.7504328" lon="-123.0000000"><ele>765.2</ele></trkpt><trkpt lat="48.7511565" lon="-123.0000000"><ele>760.0</ele></trkpt><trkpt lat="48.7518801" lon="-123.0000000"><ele>754.7</ele></trkpt><trkpt lat="48.7526038" lon="-123.0000000"><ele>749.4</ele></trkpt><trkpt lat="48.7533275" lon="-123.0000000"><ele>744.0</ele></trkpt><trkpt lat="48.7540511" lon="-123.0000000"><ele>738.5</ele></trkpt><trkpt lat="48.7547748" lon="-123.0000000"><ele>733.0</ele></trkpt><trkpt lat="48.7554984" lon="-123.0000000"><ele>727.4</ele></trkpt><trkpt lat="48.7562221" lon="-123.0000000"><ele>721.7</ele></trkpt><trkpt lat="48.7569457" lon="-123.0000000"><ele>716.0</ele></trkpt><trkpt lat="48.7576694" lon="-123.0000000"><ele>710.3</ele></trkpt><trkpt lat="48.7583931" lon="-123.0000000"><ele>704.5</ele></trkpt><trkpt lat="48.7591167" lon="-123.0000000"><ele>698.7</ele></trkpt><trkpt lat="48.7598404" lon="-123.0000000"><ele>692.9</ele></trkpt><trkpt lat="48.7605640" lon="-123.0000000"><ele>687.0</ele></trkpt><trkpt lat="48.7612877" lon="-123.0000000"><ele>681.1</ele></trkpt><trkpt lat="48.7620113" lon="-123.0000000"><ele>675.2</ele></trkpt><trkpt lat="48.7627350" lon="-123.0000000"><ele>669.2</ele></trkpt><trkpt lat="48.7634587" lon="-123.0000000"><ele>663.3</ele></trkpt><trkpt lat="48.7641823" lon="-123.0000000"><ele>657.4</ele></trkpt><trkpt lat="48.7649060" lon="-123.0000000"><ele>651.4</ele></trkpt><trkpt lat="48.7656296" lon="-123.0000000"><ele>645.5</ele></trkpt><trkpt lat="48.7663533" lon="-123.0000000"><ele>639.6</ele></trkpt><trkpt lat="48.7670770" lon="-123.0000000"><ele>633.7</ele></trkpt><trkpt lat="48.7678006" lon="-123.0000000"><ele>627.8</ele></trkpt><trkpt lat="48.7685243" lon="-123.0000000"><ele>621.9</ele></trkpt><trkpt lat="48.7692479" lon="-123.0000000"><ele>616.1</ele></trkpt><trkpt lat="48.7699716" lon="-123.0000000"><ele>610.3</ele></trkpt><trkpt lat="48.7706952" lon="-123.0000000"><ele>604.6</ele></trkpt><trkpt lat="48.7714189" lon="-123.0000000"><ele>598.9</ele></trkpt><trkpt lat="48.7721426" lon="-123.0000000"><ele>593.2</ele></trkpt><trkpt lat="48.7728662" lon="-123.0000000"><ele>587.6</ele></trkpt><trkpt lat="48.7735899" lon="-123.0000000"><ele>582.1</ele></trkpt><trkpt lat="48.7743135" lon="-123.0000000"><ele>576.6</ele></trkpt><trkpt lat="48.7750372" lon="-123.0000000"><ele>571.2</ele></trkpt><trkpt lat="48.7757608" lon="-123.0000000"><ele>565.8</ele></trkpt><trkpt lat="48.7764845" lon="-123.0000000"><ele>560.6</ele></trkpt><trkpt lat="48.7772082" lon="-123.0000000"><ele>555.4</ele></trkpt><trkpt lat="48.7779318" lon="-123.0000000"><ele>550.3</ele></trkpt><trkpt lat="48.7786555" lon="-123.0000000"><ele>545.3</ele></trkpt><trkpt lat="48.7793791" lon="-123.0000000"><ele>540.3</ele></trkpt><trkpt lat="48.7801028" lon="-123.0000000"><ele>535.5</ele></trkpt><trkpt lat="48.7808264" lon="-123.0000000"><ele>530.8</ele></trkpt><trkpt lat="48.7815501" lon="-123.0000000"><ele>526.1</ele></trkpt><trkpt lat="48.7822738" lon="-123.0000000"><ele>521.6</ele></trkpt><trkpt lat="48.7829974" lon="-123.0000000"><ele>517.2</ele></trkpt><trkpt lat="48.7837211" lon="-123.0000000"><ele>512.9</ele></trkpt><trkpt lat="48.7844447" lon="-123.0000000"><ele>508.7</ele></trkpt><trkpt lat="48.7851684" lon="-123.0000000"><ele>504.7</ele></trkpt><trkpt lat="48.7858920" lon="-123.0000000"><ele>500.7</ele></trkpt><trkpt lat="48.7866157" lon="-123.0000000"><ele>496.9</ele></trkpt><trkpt lat="48.7873394" lon="-123.0000000"><ele>493.3</ele></trkpt><trkpt lat="48.7880630" lon="-123.0000000"><ele>489.7</ele></trkpt><trkpt lat="48.7887867" lon="-123.0000000"><ele>486.3</ele></trkpt><trkpt lat="48.7895103" lon="-123.0000000"><ele>483.0</ele></trkpt><trkpt lat="48.7902340" lon="-123.0000000"><ele>479.9</ele></trkpt><trkpt lat="48.7909576" lon="-123.0000000"><ele>476.9</ele></trkpt><trkpt lat="48.7916813" lon="-123.0000000"><ele>474.1</ele></trkpt><trkpt lat="48.7924050" lon="-123.0000000"><ele>471.4</ele></trkpt><trkpt lat="48.7931286" lon="-123.0000000"><ele>468.9</ele></trkpt><trkpt lat="48.7938523" lon="-123.0000000"><ele>466.5</ele></trkpt><trkpt lat="48.7945759" lon="-123.0000000"><ele>464.3</ele></trkpt><trkpt lat="48.7952996" lon="-123.0000000"><ele>462.2</ele></trkpt><trkpt lat="48.7960232" lon="-123.0000000"><ele>460.3</ele></trkpt><trkpt lat="48.7967469" lon="-123.0000000"><ele>458.5</ele></trkpt><trkpt lat="48.7974706" lon="-123.0000000"><ele>456.9</ele></trkpt><trkpt lat="48.7981942" lon="-123.0000000"><ele>455.5</ele></trkpt><trkpt lat="48.7989179" lon="-123.0000000"><ele>454.2</ele></trkpt><trkpt lat="48.7996415" lon="-123.0000000"><ele>453.1</ele></trkpt><trkpt lat="48.8003652" lon="-123.0000000"><ele>452.2</ele></trkpt><trkpt lat="48.8010889" lon="-123.0000000"><ele>451.4</ele></trkpt><trkpt lat="48.8018125" lon="-123.0000000"><ele>450.8</ele></trkpt><trkpt lat="48.8025362" lon="-123.0000000"><ele>450.4</ele></trkpt><trkpt lat="48.8032598" lon="-123.0000000"><ele>450.1</ele></trkpt><trkpt lat="48.8039835" lon="-123.0000000"><ele>450.0</ele></trkpt><trkpt lat="48.8047071" lon="-123.0000000"><ele>450.1</ele></trkpt><trkpt lat="48.8054308" lon="-123.0000000"><ele>450.3</ele></trkpt><trkpt lat="48.8061545" lon="-123.0000000"><ele>450.7</ele></trkpt><trkpt lat="48.8068781" lon="-123.0000000"><ele>451.3</ele></trkpt><trkpt lat="48.8076018" lon="-123.0000000"><ele>452.0</ele></trkpt><trkpt lat="48.8083254" lon="-123.0000000"><ele>452.9</ele></trkpt><trkpt lat="48.8090491" lon="-123.0000000"><ele>454.0</ele></trkpt><trkpt lat="48.8097727" lon="-123.0000000"><ele>455.2</ele></trkpt><trkpt lat="48.8104964" lon="-123.0000000"><ele>456.6</ele></trkpt><trkpt lat="48.8112201" lon="-123.0000000"><ele>458.2</ele></trkpt><trkpt lat="48.8119437" lon="-123.0000000"><ele>459.9</ele></trkpt><trkpt lat="48.8126674" lon="-123.0000000"><ele>461.8</ele></trkpt><trkpt lat="48.8133910" lon="-123.0000000"><ele>463.8</ele></trkpt><trkpt lat="48.8141147" lon="-123.0000000"><ele>466.0</ele></trkpt><trkpt lat="48.8148383" lon="-123.0000000"><ele>468.3</ele></trkpt><trkpt lat="48.8155620" lon="-123.0000000"><ele>470.8</ele></trkpt><trkpt lat="48.8162857" lon="-123.0000000"><ele>473.5</ele></trkpt><trkpt lat="48.8170093" lon="-123.0000000"><ele>476.3</ele></trkpt><trkpt lat="48.8177330" lon="-123.0000000"><ele>479.2</ele></trkpt><trkpt lat="48.8184566" lon="-123.0000000"><ele>482.3</ele></trkpt><trkpt lat="48.8191803" lon="-123.0000000"><ele>485.6</ele></trkpt><trkpt lat="48.8199039" lon="-123.0000000"><ele>489.0</ele></trkpt><trkpt lat="48.8206276" lon="-123.0000000"><ele>492.5</ele></trkpt><trkpt lat="48.8213513" lon="-123.0000000"><ele>496.1</ele></trkpt><trkpt lat="48.8220749" lon="-123.0000000"><ele>499.9</ele></trkpt><trkpt lat="48.8227986" lon="-123.0000000"><ele>503.8</ele></trkpt><trkpt lat="48.8235222" lon="-123.0000000"><ele>507.8</ele></trkpt><trkpt lat="48.8242459" lon="-123.0000000"><ele>512.0</ele></trkpt><trkpt lat="48.8249695" lon="-123.0000000"><ele>516.2</ele></trkpt><trkpt lat="48.8256932" lon="-123.0000000"><ele>520.6</ele></trkpt><trkpt lat="48.8264169" lon="-123.0000000"><ele>525.1</ele></trkpt><trkpt lat="48.8271405" lon="-123.0000000"><ele>529.7</ele></trkpt><trkpt lat="48.8278642" lon="-123.0000000"><ele>534.4</ele></trkpt><trkpt lat="48.8285878" lon="-123.0000000"><ele>539.2</ele></trkpt><trkpt lat="48.8293115" lon="-123.0000000"><ele>544.2</ele></trkpt><trkpt lat="48.8300352" lon="-123.0000000"><ele>549.2</ele></trkpt><trkpt lat="48.8307588" lon="-123.0000000"><ele>554.2</ele></trkpt><trkpt lat="48.8314825" lon="-123.0000000"><ele>559.4</ele></trkpt><trkpt lat="48.8322061" lon="-123.0000000"><ele>564.7</ele></trkpt><trkpt lat="48.8329298" lon="-123.0000000"><ele>570.0</ele></trkpt><trkpt lat="48.8336534" lon="-123.0000000"><ele>575.4</ele></trkpt><trkpt lat="48.8343771" lon="-123.0000000"><ele>580.9</ele></trkpt><trkpt lat="48.8351008" lon="-123.0000000"><ele>586.4</ele></trkpt><trkpt lat="48.8358244" lon="-123.0000000"><ele>592.0</ele></trkpt><trkpt lat="48.8365481" lon="-123.0000000"><ele>597.6</ele></trkpt><trkpt lat="48.8372717" lon="-123.0000000"><ele>603.3</ele></trkpt><trkpt lat="48.8379954" lon="-123.0000000"><ele>609.1</ele></trkpt><trkpt lat="48.8387190" lon="-123.0000000"><ele>614.8</ele></trkpt><trkpt lat="48.8394427" lon="-123.0000000"><ele>620.6</ele></trkpt><trkpt lat="48.8401664" lon="-123.0000000"><ele>626.5</ele></trkpt><trkpt lat="48.8408900" lon="-123.0000000"><ele>632.4</ele></trkpt><trkpt lat="48.8416137" lon="-123.0000000"><ele>638.3</ele></trkpt><trkpt lat="48.8423373" lon="-123.0000000"><ele>644.2</ele></trkpt><trkpt lat="48.8430610" lon="-123.0000000"><ele>650.1</ele></trkpt><trkpt lat="48.8437846" lon="-123.0000000"><ele>656.0</ele></trkpt><trkpt lat="48.8445083" lon="-123.0000000"><ele>662.0</ele></trkpt><trkpt lat="48.8452320" lon="-123.0000000"><ele>667.9</ele></trkpt><trkpt lat="48.8459556" lon="-123.0000000"><ele>673.8</ele></trkpt><trkpt lat="48.8466793" lon="-123.0000000"><ele>679.8</ele></trkpt><trkpt lat="48.8474029" lon="-123.0000000"><ele>685.7</ele></trkpt><trkpt lat="48.8481266" lon="-123.0000000"><ele>691.5</ele></trkpt><trkpt lat="48.8488502" lon="-123.0000000"><ele>697.4</ele></trkpt><trkpt lat="48.8495739" lon="-123.0000000"><ele>703.2</ele></trkpt><trkpt lat="48.8502976" lon="-123.0000000"><ele>709.0</ele></trkpt><trkpt lat="48.8510212" lon="-123.0000000"><ele>714.8</ele></trkpt><trkpt lat="48.8517449" lon="-123.0000000"><ele>720.5</ele></trkpt><trkpt lat="48.8524685" lon="-123.0000000"><ele>726.1</ele></trkpt><trkpt lat="48.8531922" lon="-123.0000000"><ele>731.8</ele></trkpt><trkpt lat="48.8539158" lon="-123.0000000"><ele>737.3</ele></trkpt><trkpt lat="48.8546395" lon="-123.0000000"><ele>742.8</ele></trkpt><trkpt lat="48.8553632" lon="-123.0000000"><ele>748.2</ele></trkpt><trkpt lat="48.8560868" lon="-123.0000000"><ele>753.6</ele></trkpt><trkpt lat="48.8568105" lon="-123.0000000"><ele>758.8</ele></trkpt><trkpt lat="48.8575341" lon="-123.0000000"><ele>764.0</ele></trkpt><trkpt lat="48.8582578" lon="-123.0000000"><ele>769.2</ele></trkpt><trkpt lat="48.8589815" lon="-123.0000000"><ele>774.2</ele></trkpt><trkpt lat="48.8597051" lon="-123.0000000"><ele>779.1</ele></trkpt><trkpt lat="48.8604288" lon="-123.0000000"><ele>784.0</ele></trkpt><trkpt lat="48.8611524" lon="-123.0000000"><ele>788.7</ele></trkpt><trkpt lat="48.8618761" lon="-123.0000000"><ele>793.4</ele></trkpt><trkpt lat="48.8625997" lon="-123.0000000"><ele>797.9</ele></trkpt><trkpt lat="48.8633234" lon="-123.0000000"><ele>802.3</ele></trkpt><trkpt lat="48.8640471" lon="-123.0000000"><ele>806.6</ele></trkpt><trkpt lat="48.8647707" lon="-123.0000000"><ele>810.8</ele></trkpt><trkpt lat="48.8654944" lon="-123.0000000"><ele>814.9</ele></trkpt><trkpt lat="48.8662180" lon="-123.0000000"><ele>818.8</ele></trkpt><trkpt lat="48.8669417" lon="-123.0000000"><ele>822.6</ele></trkpt><trkpt lat="48.8676653" lon="-123.0000000"><ele>826.3</ele></trkpt><trkpt lat="48.8683890" lon="-123.0000000"><ele>829.9</ele></trkpt><trkpt lat="48.8691127" lon="-123.0000000"><ele>833.3</ele></trkpt><trkpt lat="48.8698363" lon="-123.0000000"><ele>836.6</ele></trkpt><trkpt lat="48.8705600" lon="-123.0000000"><ele>839.7</ele></trkpt><trkpt lat="48.8712836" lon="-123.0000000"><ele>842.7</ele></trkpt><trkpt lat="48.8720073" lon="-123.0000000"><ele>845.6</ele></trkpt><trkpt lat="48.8727309" lon="-123.0000000"><ele>848.3</ele></trkpt><trkpt lat="48.8734546" lon="-123.0000000"><ele>850.8</ele></trkpt><trkpt lat="48.8741783" lon="-123.0000000"><ele>853.2</ele></trkpt><trkpt lat="48.8749019" lon="-123.0000000"><ele>855.5</ele></trkpt><trkpt lat="48.8756256" lon="-123.0000000"><ele>857.6</ele></trkpt><trkpt lat="48.8763492" lon="-123.0000000"><ele>859.5</ele></trkpt><trkpt lat="48.8770729" lon="-123.0000000"><ele>861.3</ele></trkpt><trkpt lat="48.8777965" lon="-123.0000000"><ele>862.9</ele></trkpt><trkpt lat="48.8785202" lon="-123.0000000"><ele>864.4</ele></trkpt><trkpt lat="48.8792439" lon="-123.0000000"><ele>865.6</ele></trkpt><trkpt lat="48.8799675" lon="-123.0000000"><ele>866.8</ele></trkpt><trkpt lat="48.8806912" lon="-123.0000000"><ele>867.7</ele></trkpt><trkpt lat="48.8814148" lon="-123.0000000"><ele>868.5</ele></trkpt><trkpt lat="48.8821385" lon="-123.0000000"><ele>869.1</ele></trkpt><trkpt lat="48.8828622" lon="-123.0000000"><ele>869.6</ele></trkpt><trkpt lat="48.8835858" lon="-123.0000000"><ele>869.9</ele></trkpt><trkpt lat="48.8843095" lon="-123.0000000"><ele>870.0</ele></trkpt><trkpt lat="48.8850331" lon="-123.0000000"><ele>869.9</ele></trkpt><trkpt lat="48.8857568" lon="-123.0000000"><ele>869.7</ele></trkpt><trkpt lat="48.8864804" lon="-123.0000000"><ele>869.4</ele></trkpt><trkpt lat="48.8872041" lon="-123.0000000"><ele>868.8</ele></trkpt><trkpt lat="48.8879278" lon="-123.0000000"><ele>868.1</ele></trkpt><trkpt lat="48.8886514" lon="-123.0000000"><ele>867.2</ele></trkpt><trkpt lat="48.8893751" lon="-123.0000000"><ele>866.2</ele></trkpt><trkpt lat="48.8900987" lon="-123.0000000"><ele>864.9</ele></trkpt><trkpt lat="48.8908224" lon="-123.0000000"><ele>863.6</ele></trkpt><trkpt lat="48.8915460" lon="-123.0000000"><ele>862.0</ele></trkpt><trkpt lat="48.8922697" lon="-123.0000000"><ele>860.3</ele></trkpt><trkpt lat="48.8929934" lon="-123.0000000"><ele>858.5</ele></trkpt><trkpt lat="48.8937170" lon="-123.0000000"><ele>856.4</ele></trkpt><trkpt lat="48.8944407" lon="-123.0000000"><ele>854.3</ele></trkpt><trkpt lat="48.8951643" lon="-123.0000000"><ele>851.9</ele></trkpt><trkpt lat="48.8958880" lon="-123.0000000"><ele>849.4</ele></trkpt><trkpt lat="48.8966116" lon="-123.0000000"><ele>846.8</ele></trkpt><trkpt lat="48.8973353" lon="-123.0000000"><ele>844.0</ele></trkpt><trkpt lat="48.8980590" lon="-123.0000000"><ele>841.1</ele></trkpt><trkpt lat="48.8987826" lon="-123.0000000"><ele>838.0</ele></trkpt><trkpt lat="48.8995063" lon="-123.0000000"><ele>834.8</ele></trkpt><trkpt lat="48.9002299" lon="-123.0000000"><ele>831.4</ele></trkpt><trkpt lat="48.9009536" lon="-123.0000000"><ele>827.9</ele></trkpt><trkpt lat="48.9016772" lon="-123.0000000"><ele>824.3</ele></trkpt><trkpt lat="48.9024009" lon="-123.0000000"><ele>820.5</ele></trkpt><trkpt lat="48.9031246" lon="-123.0000000"><ele>816.6</ele></trkpt><trkpt lat="48.9038482" lon="-123.0000000"><ele>812.6</ele></trkpt><trkpt lat="48.9045719" lon="-123.0000000"><ele>808.5</ele></trkpt><trkpt lat="48.9052955" lon="-123.0000000"><ele>804.2</ele></trkpt><trkpt lat="48.9060192" lon="-123.0000000"><ele>799.9</ele></trkpt><trkpt lat="48.9067428" lon="-123.0000000"><ele>795.4</ele></trkpt><trkpt lat="48.9074665" lon="-123.0000000"><ele>790.8</ele></trkpt><trkpt lat="48.9081902" lon="-123.0000000"><ele>786.1</ele></trkpt><trkpt lat="48.9089138" lon="-123.0000000"><ele>781.3</ele></trkpt><trkpt lat="48.9096375" lon="-123.0000000"><ele>776.4</ele></trkpt><trkpt lat="48.9103611" lon="-123.0000000"><ele>771.4</ele></trkpt><trkpt lat="48.9110848" lon="-123.0000000"><ele>766.3</ele></trkpt><trkpt lat="48.9118085" lon="-123.0000000"><ele>761.2</ele></trkpt><trkpt lat="48.9125321" lon="-123.0000000"><ele>755.9</ele></trkpt><trkpt lat="48.9132558" lon="-123.0000000"><ele>750.6</ele></trkpt><trkpt lat="48.9139794" lon="-123.0000000"><ele>745.2</ele></trkpt><trkpt lat="48.9147031" lon="-123.0000000"><ele>739.8</ele></trkpt><trkpt lat="48.9154267" lon="-123.0000000"><ele>734.2</ele></trkpt><trkpt lat="48.9161504" lon="-123.0000000"><ele>728.6</ele></trkpt><trkpt lat="48.9168741" lon="-123.0000000"><ele>723.0</ele></trkpt><trkpt lat="48.9175977" lon="-123.0000000"><ele>717.3</ele></trkpt><trkpt lat="48.9183214" lon="-123.0000000"><ele>711.6</ele></trkpt><trkpt lat="48.9190450" lon="-123.0000000"><ele>705.8</ele></trkpt><trkpt lat="48.9197687" lon="-123.0000000"><ele>700.0</ele></trkpt><trkpt lat="48.9204923" lon="-123.0000000"><ele>694.2</ele></trkpt><trkpt lat="48.9212160" lon="-123.0000000"><ele>688.3</ele></trkpt><trkpt lat="48.9219397" lon="-123.0000000"><ele>682.4</ele></trkpt><trkpt lat="48.9226633" lon="-123.0000000"><ele>676.5</ele></trkpt><trkpt lat="48.9233870" lon="-123.0000000"><ele>670.6</ele></trkpt><trkpt lat="48.9241106" lon="-123.0000000"><ele>664.6</ele></trkpt><trkpt lat="48.9248343" lon="-123.0000000"><ele>658.7</ele></trkpt><trkpt lat="48.9255579" lon="-123.0000000"><ele>652.7</ele></trkpt><trkpt lat="48.9262816" lon="-123.0000000"><ele>646.8</ele></trkpt><trkpt lat="48.9270053" lon="-123.0000000"><ele>640.9</ele></trkpt><trkpt lat="48.9277289" lon="-123.0000000"><ele>635.0</ele></trkpt><trkpt lat="48.9284526" lon="-123.0000000"><ele>629.1</ele></trkpt><trkpt lat="48.9291762" lon="-123.0000000"><ele>623.2</ele></trkpt><trkpt lat="48.9298999" lon="-123.0000000"><ele>617.4</ele></trkpt><trkpt lat="48.9306235" lon="-123.0000000"><ele>611.6</ele></trkpt><trkpt lat="48.9313472" lon="-123.0000000"><ele>605.9</ele></trkpt><trkpt lat="48.9320709" lon="-123.0000000"><ele>600.1</ele></trkpt><trkpt lat="48.9327945" lon="-123.0000000"><ele>594.5</ele></trkpt><trkpt lat="48.9335182" lon="-123.0000000"><ele>588.9</ele></trkpt><trkpt lat="48.9342418" lon="-123.0000000"><ele>583.3</ele></trkpt><trkpt lat="48.9349655" lon="-123.0000000"><ele>577.8</ele></trkpt><trkpt lat="48.9356891" lon="-123.0000000"><ele>572.4</ele></trkpt><trkpt lat="48.9364128" lon="-123.0000000"><ele>567.0</ele></trkpt><trkpt lat="48.9371365" lon="-123.0000000"><ele>561.7</ele></trkpt><trkpt lat="48.9378601" lon="-123.0000000"><ele>556.5</ele></trkpt><trkpt lat="48.9385838" lon="-123.0000000"><ele>551.4</ele></trkpt><trkpt lat="48.9393074" lon="-123.0000000"><ele>546.4</ele></trkpt><trkpt lat="48.9400311" lon="-123.0000000"><ele>541.4</ele></trkpt><trkpt lat="48.9407547" lon="-123.0000000"><ele>536.6</ele></trkpt><trkpt lat="48.9414784" lon="-123.0000000"><ele>531.8</ele></trkpt><trkpt lat="48.9422021" lon="-123.0000000"><ele>527.2</ele></trkpt><trkpt lat="48.9429257" lon="-123.0000000"><ele>522.6</ele></trkpt><trkpt lat="48.9436494" lon="-123.0000000"><ele>518.2</ele></trkpt><trkpt lat="48.9443730" lon="-123.0000000"><ele>513.9</ele></trkpt><trkpt lat="48.9450967" lon="-123.0000000"><ele>509.7</ele></trkpt><trkpt lat="48.9458204" lon="-123.0000000"><ele>505.6</ele></trkpt><trkpt lat="48.9465440" lon="-123.0000000"><ele>501.6</ele></trkpt><trkpt lat="48.9472677" lon="-123.0000000"><ele>497.8</ele></trkpt><trkpt lat="48.9479913" lon="-123.0000000"><ele>494.1</ele></trkpt><trkpt lat="48.9487150" lon="-123.0000000"><ele>490.5</ele></trkpt><trkpt lat="48.9494386" lon="-123.0000000"><ele>487.1</ele></trkpt><trkpt lat="48.9501623" lon="-123.0000000"><ele>483.8</ele></trkpt><trkpt lat="48.9508860" lon="-123.0000000"><ele>480.6</ele></trkpt><trkpt lat="48.9516096" lon="-123.0000000"><ele>477.6</ele></trkpt><trkpt lat="48.9523333" lon="-123.0000000"><ele>474.7</ele></trkpt><trkpt lat="48.9530569" lon="-123.0000000"><ele>472.0</ele></trkpt><trkpt lat="48.9537806" lon="-123.0000000"><ele>469.4</ele></trkpt><trkpt lat="48.9545042" lon="-123.0000000"><ele>467.0</ele></trkpt><trkpt lat="48.9552279" lon="-123.0000000"><ele>464.7</ele></trkpt><trkpt lat="48.9559516" lon="-123.0000000"><ele>462.6</ele></trkpt><trkpt lat="48.9566752" lon="-123.0000000"><ele>460.7</ele></trkpt><trkpt lat="48.9573989" lon="-123.0000000"><ele>458.9</ele></trkpt><trkpt lat="48.9581225" lon="-123.0000000"><ele>457.3</ele></trkpt><trkpt lat="48.9588462" lon="-123.0000000"><ele>455.8</ele></trkpt><trkpt lat="48.9595698" lon="-123.0000000"><ele>454.5</ele></trkpt><trkpt lat="48.9602935" lon="-123.0000000"><ele>453.4</ele></trkpt><trkpt lat="48.9610172" lon="-123.0000000"><ele>452.4</ele></trkpt><trkpt lat="48.9617408" lon="-123.0000000"><ele>451.6</ele></trkpt><trkpt lat="48.9624645" lon="-123.0000000"><ele>450.9</ele></trkpt><trkpt lat="48.9631881" lon="-123.0000000"><ele>450.5</ele></trkpt><trkpt lat="48.9639118" lon="-123.0000000"><ele>450.1</ele></trkpt><trkpt lat="48.9646354" lon="-123.0000000"><ele>450.0</ele></trkpt><trkpt lat="48.9653591" lon="-123.0000000"><ele>450.0</ele></trkpt><trkpt lat="48.9660828" lon="-123.0000000"><ele>450.2</ele></trkpt><trkpt lat="48.9668064" lon="-123.0000000"><ele>450.6</ele></trkpt><trkpt lat="48.9675301" lon="-123.0000000"><ele>451.1</ele></trkpt><trkpt lat="48.9682537" lon="-123.0000000"><ele>451.8</ele></trkpt><trkpt lat="48.9689774" lon="-123.0000000"><ele>452.7</ele></trkpt><trkpt lat="48.9697010" lon="-123.0000000"><ele>453.7</ele></trkpt><trkpt lat="48.9704247" lon="-123.0000000"><ele>454.9</ele></trkpt><trkpt lat="48.9711484" lon="-123.0000000"><ele>456.3</ele></trkpt><trkpt lat="48.9718720" lon="-123.0000000"><ele>457.8</ele></trkpt><trkpt lat="48.9725957" lon="-123.0000000"><ele>459.5</ele></trkpt><trkpt lat="48.9733193" lon="-123.0000000"><ele>461.3</ele></trkpt><trkpt lat="48.9740430" lon="-123.0000000"><ele>463.3</ele></trkpt><trkpt lat="48.9747667" lon="-123.0000000"><ele>465.5</ele></trkpt><trkpt lat="48.9754903" lon="-123.0000000"><ele>467.8</ele></trkpt><trkpt lat="48.9762140" lon="-123.0000000"><ele>470.3</ele></trkpt><trkpt lat="48.9769376" lon="-123.0000000"><ele>472.9</ele></trkpt><trkpt lat="48.9776613" lon="-123.0000000"><ele>475.7</ele></trkpt><trkpt lat="48.9783849" lon="-123.0000000"><ele>478.6</ele></trkpt><trkpt lat="48.9791086" lon="-123.0000000"><ele>481.6</ele></trkpt><trkpt lat="48.9798323" lon="-123.0000000"><ele>484.8</ele></trkpt><trkpt lat="48.9805559" lon="-123.0000000"><ele>488.2</ele></trkpt><trkpt lat="48.9812796" lon="-123.0000000"><ele>491.7</ele></trkpt><trkpt lat="48.9820032" lon="-123.0000000"><ele>495.3</ele></trkpt><trkpt lat="48.9827269" lon="-123.0000000"><ele>499.0</ele></trkpt><trkpt lat="48.9834505" lon="-123.0000000"><ele>502.9</ele></trkpt><trkpt lat="48.9841742" lon="-123.0000000"><ele>506.9</ele></trkpt><trkpt lat="48.9848979" lon="-123.0000000"><ele>511.0</ele></trkpt><trkpt lat="48.9856215" lon="-123.0000000"><ele>515.3</ele></trkpt><trkpt lat="48.9863452" lon="-123.0000000"><ele>519.6</ele></trkpt><trkpt lat="48.9870688" lon="-123.0000000"><ele>524.1</ele></trkpt><trkpt lat="48.9877925" lon="-123.0000000"><ele>528.7</ele></trkpt><trkpt lat="48.9885161" lon="-123.0000000"><ele>533.4</ele></trkpt><trkpt lat="48.9892398" lon="-123.0000000"><ele>538.2</ele></trkpt><trkpt lat="48.9899635" lon="-123.0000000"><ele>543.1</ele></trkpt><trkpt lat="48.9906871" lon="-123.0000000"><ele>548.0</ele></trkpt><trkpt lat="48.9914108" lon="-123.0000000"><ele>553.1</ele></trkpt><trkpt lat="48.9921344" lon="-123.0000000"><ele>558.3</ele></trkpt><trkpt lat="48.9928581" lon="-123.0000000"><ele>563.5</ele></trkpt><trkpt lat="48.9935817" lon="-123.0000000"><ele>568.8</ele></trkpt><trkpt lat="48.9943054" lon="-123.0000000"><ele>574.2</ele></trkpt><trkpt lat="48.9950291" lon="-123.0000000"><ele>579.6</ele></trkpt><trkpt lat="48.9957527" lon="-123.0000000"><ele>585.2</ele></trkpt><trkpt lat="48.9964764" lon="-123.0000000"><ele>590.7</ele></trkpt><trkpt lat="48.9972000" lon="-123.0000000"><ele>596.4</ele></trkpt><trkpt lat="48.9979237" lon="-123.0000000"><ele>602.0</ele></trkpt><trkpt lat="48.9986473" lon="-123.0000000"><ele>607.8</ele></trkpt><trkpt lat="48.9993710" lon="-123.0000000"><ele>613.5</ele></trkpt><trkpt lat="49.0000947" lon="-123.0000000"><ele>619.4</ele></trkpt><trkpt lat="49.0008183" lon="-123.0000000"><ele>625.2</ele></trkpt><trkpt lat="49.0015420" lon="-123.0000000"><ele>631.1</ele></trkpt><trkpt lat="49.0022656" lon="-123.0000000"><ele>637.0</ele></trkpt><trkpt lat="49.0029893" lon="-123.0000000"><ele>642.9</ele></trkpt><trkpt lat="49.0037130" lon="-123.0000000"><ele>648.8</ele></trkpt><trkpt lat="49.0044366" lon="-123.0000000"><ele>654.7</ele></trkpt><trkpt lat="49.0051603" lon="-123.0000000"><ele>660.7</ele></trkpt><trkpt lat="49.0058839" lon="-123.0000000"><ele>666.6</ele></trkpt><trkpt lat="49.0066076" lon="-123.0000000"><ele>672.5</ele></trkpt><trkpt lat="49.0073312" lon="-123.0000000"><ele>678.4</ele></trkpt><trkpt lat="49.0080549" lon="-123.0000000"><ele>684.4</ele></trkpt><trkpt lat="49.0087786" lon="-123.0000000"><ele>690.2</ele></trkpt><trkpt lat="49.0095022" lon="-123.0000000"><ele>696.1</ele></trkpt><trkpt lat="49.0102259" lon="-123.0000000"><ele>701.9</ele></trkpt><trkpt lat="49.0109495" lon="-123.0000000"><ele>707.7</ele></trkpt><trkpt lat="49.0116732" lon="-123.0000000"><ele>713.5</ele></trkpt><trkpt lat="49.0123968" lon="-123.0000000"><ele>719.2</ele></trkpt><trkpt lat="49.0131205" lon="-123.0000000"><ele>724.9</ele></trkpt><trkpt lat="49.0138442" lon="-123.0000000"><ele>730.5</ele></trkpt><trkpt lat="49.0145678" lon="-123.0000000"><ele>736.1</ele></trkpt><trkpt lat="49.0152915" lon="-123.0000000"><ele>741.6</ele></trkpt><trkpt lat="49.0160151" lon="-123.0000000"><ele>747.0</ele></trkpt><trkpt lat="49.0167388" lon="-123.0000000"><ele>752.4</ele></trkpt><trkpt lat="49.0174624" lon="-123.0000000"><ele>757.7</ele></trkpt><trkpt lat="49.0181861" lon="-123.0000000"><ele>762.9</ele></trkpt><trkpt lat="49.0189098" lon="-123.0000000"><ele>768.0</ele></trkpt><trkpt lat="49.0196334" lon="-123.0000000"><ele>773.1</ele></trkpt><trkpt lat="49.0203571" lon="-123.0000000"><ele>778.0</ele></trkpt><trkpt lat="49.0210807" lon="-123.0000000"><ele>782.9</ele></trkpt><trkpt lat="49.0218044" lon="-123.0000000"><ele>787.7</ele></trkpt><trkpt lat="49.0225280" lon="-123.0000000"><ele>792.3</ele></trkpt><trkpt lat="49.0232517" lon="-123.0000000"><ele>796.9</ele></trkpt><trkpt lat="49.0239754" lon="-123.0000000"><ele>801.3</ele></trkpt><trkpt lat="49.0246990" lon="-123.0000000"><ele>805.7</ele></trkpt><trkpt lat="49.0254227" lon="-123.0000000"><ele>809.9</ele></trkpt><trkpt lat="49.0261463" lon="-123.0000000"><ele>814.0</ele></trkpt><trkpt lat="49.0268700" lon="-123.0000000"><ele>818.0</ele></trkpt><trkpt lat="49.0275937" lon="-123.0000000"><ele>821.8</ele></trkpt><trkpt lat="49.0283173" lon="-123.0000000"><ele>825.5</ele></trkpt><trkpt lat="49.0290410" lon="-123.0000000"><ele>829.1</ele></trkpt><trkpt lat="49.0297646" lon="-123.0000000"><ele>832.6</ele></trkpt><trkpt lat="49.0304883" lon="-123.0000000"><ele>835.9</ele></trkpt><trkpt lat="49.0312119" lon="-123.0000000"><ele>839.1</ele></trkpt><trkpt lat="49.0319356" lon="-123.0000000"><ele>842.1</ele></trkpt><trkpt lat="49.0326593" lon="-123.0000000"><ele>845.0</ele></trkpt><trkpt lat="49.0333829" lon="-123.0000000"><ele>847.7</ele></trkpt><trkpt lat="49.0341066" lon="-123.0000000"><ele>850.3</ele></trkpt><trkpt lat="49.0348302" lon="-123.0000000"><ele>852.7</ele></trkpt><trkpt lat="49.0355539" lon="-123.0000000"><ele>855.0</ele></trkpt><trkpt lat="49.0362775" lon="-123.0000000"><ele>857.1</ele></trkpt><trkpt lat="49.0370012" lon="-123.0000000"><ele>859.1</ele></trkpt><trkpt lat="49.0377249" lon="-123.0000000"><ele>860.9</ele></trkpt><trkpt lat="49.0384485" lon="-123.0000000"><ele>862.6</ele></trkpt><trkpt lat="49.0391722" lon="-123.0000000"><ele>864.0</ele></trkpt><trkpt lat="49.0398958" lon="-123.0000000"><ele>865.4</ele></trkpt><trkpt lat="49.0406195" lon="-123.0000000"><ele>866.5</ele></trkpt><trkpt lat="49.0413431" lon="-123.0000000"><ele>867.5</ele></trkpt><trkpt lat="49.0420668" lon="-123.0000000"><ele>868.3</ele></trkpt><trkpt lat="49.0427905" lon="-123.0000000"><ele>869.0</ele></trkpt><trkpt lat="49.0435141" lon="-123.0000000"><ele>869.5</ele></trkpt><trkpt lat="49.0442378" lon="-123.0000000"><ele>869.8</ele></trkpt><trkpt lat="49.0449614" lon="-123.0000000"><ele>870.0</ele></trkpt><trkpt lat="49.0456851" lon="-123.0000000"><ele>870.0</ele></trkpt><trkpt lat="49.0464087" lon="-123.0000000"><ele>869.8</ele></trkpt><trkpt lat="49.0471324" lon="-123.0000000"><ele>869.5</ele></trkpt><trkpt lat="49.0478561" lon="-123.0000000"><ele>868.9</ele></trkpt><trkpt lat="49.0485797" lon="-123.0000000"><ele>868.3</ele></trkpt><trkpt lat="49.0493034" lon="-123.0000000"><ele>867.4</ele></trkpt><trkpt lat="49.0500270" lon="-123.0000000"><ele>866.4</ele></trkpt><trkpt lat="49.0507507" lon="-123.0000000"><ele>865.2</ele></trkpt><trkpt lat="49.0514743" lon="-123.0000000"><ele>863.9</ele></trkpt><trkpt lat="49.0521980" lon="-123.0000000"><ele>862.4</ele></trkpt><trkpt lat="49.0529217" lon="-123.0000000"><ele>860.7</ele></trkpt><trkpt lat="49.0536453" lon="-123.0000000"><ele>858.9</ele></trkpt><trkpt lat="49.0543690" lon="-123.0000000"><ele>856.9</ele></trkpt><trkpt lat="49.0550926" lon="-123.0000000"><ele>854.8</ele></trkpt><trkpt lat="49.0558163" lon="-123.0000000"><ele>852.5</ele></trkpt><trkpt lat="49.0565400" lon="-123.0000000"><ele>850.0</ele></trkpt><trkpt lat="49.0572636" lon="-123.0000000"><ele>847.4</ele></trkpt><trkpt lat="49.0579873" lon="-123.0000000"><ele>844.7</ele></trkpt><trkpt lat="49.0587109" lon="-123.0000000"><ele>841.8</ele></trkpt><trkpt lat="49.0594346" lon="-123.0000000"><ele>838.7</ele></trkpt><trkpt lat="49.0601582" lon="-123.0000000"><ele>835.5</ele></trkpt><trkpt lat="49.0608819" lon="-123.0000000"><ele>832.2</ele></trkpt><trkpt lat="49.0616056" lon="-123.0000000"><ele>828.7</ele></trkpt><trkpt lat="49.0623292" lon="-123.0000000"><ele>825.1</ele></trkpt><trkpt lat="49.0630529" lon="-123.0000000"><ele>821.4</ele></trkpt><trkpt lat="49.0637765" lon="-123.0000000"><ele>817.5</ele></trkpt><trkpt lat="49.0645002" lon="-123.0000000"><ele>813.5</ele></trkpt><trkpt lat="49.0652238" lon="-123.0000000"><ele>809.4</ele></trkpt><trkpt lat="49.0659475" lon="-123.0000000"><ele>805.2</ele></trkpt><trkpt lat="49.0666712" lon="-123.0000000"><ele>800.8</ele></trkpt><trkpt lat="49.0673948" lon="-123.0000000"><ele>796.4</ele></trkpt><trkpt lat="49.0681185" lon="-123.0000000"><ele>791.8</ele></trkpt><trkpt lat="49.0688421" lon="-123.0000000"><ele>787.1</ele></trkpt><trkpt lat="49.0695658" lon="-123.0000000"><ele>782.4</ele></trkpt><trkpt lat="49.0702894" lon="-123.0000000"><ele>777.5</ele></trkpt><trkpt lat="49.0710131" lon="-123.0000000"><ele>772.5</ele></trkpt><trkpt lat="49.0717368" lon="-123.0000000"><ele>767.5</ele></trkpt><trkpt lat="49.0724604" lon="-123.0000000"><ele>762.3</ele></trkpt><trkpt lat="49.0731841" lon="-123.0000000"><ele>757.1</ele></trkpt><trkpt lat="49.0739077" lon="-123.0000000"><ele>751.8</ele></trkpt><trkpt lat="49.0746314" lon="-123.0000000"><ele>746.4</ele></trkpt><trkpt lat="49.0753550" lon="-123.0000000"><ele>741.0</ele></trkpt><trkpt lat="49.0760787" lon="-123.0000000"><ele>735.5</ele></trkpt><trkpt lat="49.0768024" lon="-123.0000000"><ele>729.9</ele></trkpt><trkpt lat="49.0775260" lon="-123.0000000"><ele>724.3</ele></trkpt><trkpt lat="49.0782497" lon="-123.0000000"><ele>718.6</ele></trkpt><trkpt lat="49.0789733" lon="-123.0000000"><ele>712.9</ele></trkpt><trkpt lat="49.0796970" lon="-123.0000000"><ele>707.1</ele></trkpt><trkpt lat="49.0804206" lon="-123.0000000"><ele>701.3</ele></trkpt><trkpt lat="49.0811443" lon="-123.0000000"><ele>695.5</ele></trkpt><trkpt lat="49.0818680" lon="-123.0000000"><ele>689.6</ele></trkpt><trkpt lat="49.0825916" lon="-123.0000000"><ele>683.7</ele></trkpt><trkpt lat="49.0833153" lon="-123.0000000"><ele>677.8</ele></trkpt><trkpt lat="49.0840389" lon="-123.0000000"><ele>671.9</ele></trkpt><trkpt lat="49.0847626" lon="-123.0000000"><ele>665.9</ele></trkpt><trkpt lat="49.0854863" lon="-123.0000000"><ele>660.0</ele></trkpt><trkpt lat="49.0862099" lon="-123.0000000"><ele>654.1</ele></trkpt><trkpt lat="49.0869336" lon="-123.0000000"><ele>648.1</ele></trkpt><trkpt lat="49.0876572" lon="-123.0000000"><ele>642.2</ele></trkpt><trkpt lat="49.0883809" lon="-123.0000000"><ele>636.3</ele></trkpt><trkpt lat="49.0891045" lon="-123.0000000"><ele>630.4</ele></trkpt><trkpt lat="49.0898282" lon="-123.0000000"><ele>624.5</ele></trkpt><trkpt lat="49.0905519" lon="-123.0000000"><ele>618.7</ele></trkpt><trkpt lat="49.0912755" lon="-123.0000000"><ele>612.9</ele></trkpt><trkpt lat="49.0919992" lon="-123.0000000"><ele>607.1</ele></trkpt><trkpt lat="49.0927228" lon="-123.0000000"><ele>601.4</ele></trkpt><trkpt lat="49.0934465" lon="-123.0000000"><ele>595.7</ele></trkpt><trkpt lat="49.0941701" lon="-123.0000000"><ele>590.1</ele></trkpt><trkpt lat="49.0948938" lon="-123.0000000"><ele>584.5</ele></trkpt><trkpt lat="49.0956175" lon="-123.0000000"><ele>579.0</ele></trkpt><trkpt lat="49.0963411" lon="-123.0000000"><ele>573.6</ele></trkpt><trkpt lat="49.0970648" lon="-123.0000000"><ele>568.2</ele></trkpt><trkpt lat="49.0977884" lon="-123.0000000"><ele>562.9</ele></trkpt><trkpt lat="49.0985121" lon="-123.0000000"><ele>557.7</ele></trkpt><trkpt lat="49.0992357" lon="-123.0000000"><ele>552.5</ele></trkpt><trkpt lat="49.0999594" lon="-123.0000000"><ele>547.5</ele></trkpt><trkpt lat="49.1006831" lon="-123.0000000"><ele>542.5</ele></trkpt><trkpt lat="49.1014067" lon="-123.0000000"><ele>537.6</ele></trkpt><trkpt lat="49.1021304" lon="-123.0000000"><ele>532.9</ele></trkpt><trkpt lat="49.1028540" lon="-123.0000000"><ele>528.2</ele></trkpt><trkpt lat="49.1035777" lon="-123.0000000"><ele>523.6</ele></trkpt><trkpt lat="49.1043013" lon="-123.0000000"><ele>519.2</ele></trkpt><trkpt lat="49.1050250" lon="-123.0000000"><ele>514.8</ele></trkpt><trkpt lat="49.1057487" lon="-123.0000000"><ele>510.6</ele></trkpt><trkpt lat="49.1064723" lon="-123.0000000"><ele>506.5</ele></trkpt><trkpt lat="49.1071960" lon="-123.0000000"><ele>502.5</ele></trkpt><trkpt lat="49.1079196" lon="-123.0000000"><ele>498.6</ele></trkpt><trkpt lat="49.1086433" lon="-123.0000000"><ele>494.9</ele></trkpt><trkpt lat="49.1093669" lon="-123.0000000"><ele>491.3</ele></trkpt><trkpt lat="49.1100906" lon="-123.0000000"><ele>487.8</ele></trkpt><trkpt lat="49.1108143" lon="-123.0000000"><ele>484.5</ele></trkpt><trkpt lat="49.1115379" lon="-123.0000000"><ele>481.3</ele></trkpt><trkpt lat="49.1122616" lon="-123.0000000"><ele>478.2</ele></trkpt><trkpt lat="49.1129852" lon="-123.0000000"><ele>475.3</ele></trkpt><trkpt lat="49.1137089" lon="-123.0000000"><ele>472.6</ele></trkpt><trkpt lat="49.1144325" lon="-123.0000000"><ele>470.0</ele></trkpt><trkpt lat="49.1151562" lon="-123.0000000"><ele>467.5</ele></trkpt><trkpt lat="49.1158799" lon="-123.0000000"><ele>465.2</ele></trkpt><trkpt lat="49.1166035" lon="-123.0000000"><ele>463.1</ele></trkpt><trkpt lat="49.1173272" lon="-123.0000000"><ele>461.1</ele></trkpt><trkpt lat="49.1180508" lon="-123.0000000"><ele>459.3</ele></trkpt><trkpt lat="49.1187745" lon="-123.0000000"><ele>457.6</ele></trkpt><trkpt lat="49.1194982" lon="-123.0000000"><ele>456.1</ele></trkpt><trkpt lat="49.1202218" lon="-123.0000000"><ele>454.8</ele></trkpt><trkpt lat="49.1209455" lon="-123.0000000"><ele>453.6</ele></trkpt><trkpt lat="49.1216691" lon="-123.0000000"><ele>452.6</ele></trkpt><trkpt lat="49.1223928" lon="-123.0000000"><ele>451.7</ele></trkpt><trkpt lat="49.1231164" lon="-123.0000000"><ele>451.1</ele></trkpt><trkpt lat="49.1238401" lon="-123.0000000"><ele>450.5</ele></trkpt><trkpt lat="49.1245638" lon="-123.0000000"><ele>450.2</ele></trkpt><trkpt lat="49.1252874" lon="-123.0000000"><ele>450.0</ele></trkpt><trkpt lat="49.1260111" lon="-123.0000000"><ele>450.0</ele></trkpt><trkpt lat="49.1267347" lon="-123.0000000"><ele>450.2</ele></trkpt><trkpt lat="49.1274584" lon="-123.0000000"><ele>450.5</ele></trkpt><trkpt lat="49.1281820" lon="-123.0000000"><ele>451.0</ele></trkpt><trkpt lat="49.1289057" lon="-123.0000000"><ele>451.7</ele></trkpt><trkpt lat="49.1296294" lon="-123.0000000"><ele>452.5</ele></trkpt><trkpt lat="49.1303530" lon="-123.0000000"><ele>453.5</ele></trkpt><trkpt lat="49.1310767" lon="-123.0000000"><ele>454.6</ele></trkpt><trkpt lat="49.1318003" lon="-123.0000000"><ele>456.0</ele></trkpt><trkpt lat="49.1325240" lon="-123.0000000"><ele>457.4</ele></trkpt><trkpt lat="49.1332476" lon="-123.0000000"><ele>459.1</ele></trkpt><trkpt lat="49.1339713" lon="-123.0000000"><ele>460.9</ele></trkpt><trkpt lat="49.1346950" lon="-123.0000000"><ele>462.9</ele></trkpt><trkpt lat="49.1354186" lon="-123.0000000"><ele>465.0</ele></trkpt><trkpt lat="49.1361423" lon="-123.0000000"><ele>467.3</ele></trkpt><trkpt lat="49.1368659" lon="-123.0000000"><ele>469.7</ele></trkpt><trkpt lat="49.1375896" lon="-123.0000000"><ele>472.3</ele></trkpt><trkpt lat="49.1383132" lon="-123.0000000"><ele>475.0</ele></trkpt><trkpt lat="49.1390369" lon="-123.0000000"><ele>477.9</ele></trkpt><trkpt lat="49.1397606" lon="-123.0000000"><ele>480.9</ele></trkpt><trkpt lat="49.1404842" lon="-123.0000000"><ele>484.1</ele></trkpt><trkpt lat="49.1412079" lon="-123.0000000"><ele>487.4</ele></trkpt><trkpt lat="49.1419315" lon="-123.0000000"><ele>490.9</ele></trkpt><trkpt lat="49.1426552" lon="-123.0000000"><ele>494.5</ele></trkpt><trkpt lat="49.1433788" lon="-123.0000000"><ele>498.2</ele></trkpt><trkpt lat="49.1441025" lon="-123.0000000"><ele>502.0</ele></trkpt><trkpt lat="49.1448262" lon="-123.0000000"><ele>506.0</ele></trkpt><trkpt lat="49.1455498" lon="-123.0000000"><ele>510.1</ele></trkpt><trkpt lat="49.1462735" lon="-123.0000000"><ele>514.3</ele></trkpt><trkpt lat="49.1469971" lon="-123.0000000"><ele>518.7</ele></trkpt><trkpt lat="49.1477208" lon="-123.0000000"><ele>523.1</ele></trkpt><trkpt lat="49.1484445" lon="-123.0000000"><ele>527.7</ele></trkpt><trkpt lat="49.1491681" lon="-123.0000000"><ele>532.3</ele></trkpt><trkpt lat="49.1498918" lon="-123.0000000"><ele>537.1</ele></trkpt><trkpt lat="49.1506154" lon="-123.0000000"><ele>542.0</ele></trkpt><trkpt lat="49.1513391" lon="-123.0000000"><ele>546.9</ele></trkpt><trkpt lat="49.1520627" lon="-123.0000000"><ele>552.0</ele></trkpt><trkpt lat="49.1527864" lon="-123.0000000"><ele>557.1</ele></trkpt><trkpt lat="49.1535101" lon="-123.0000000"><ele>562.3</ele></trkpt><trkpt lat="49.1542337" lon="-123.0000000"><ele>567.6</ele></trkpt><trkpt lat="49.1549574" lon="-123.0000000"><ele>573.0</ele></trkpt><trkpt lat="49.1556810" lon="-123.0000000"><ele>578.4</ele></trkpt><trkpt lat="49.1564047" lon="-123.0000000"><ele>583.9</ele></trkpt><trkpt lat="49.1571283" lon="-123.0000000"><ele>589.5</ele></trkpt><trkpt lat="49.1578520" lon="-123.0000000"><ele>595.1</ele></trkpt><trkpt lat="49.1585757" lon="-123.0000000"><ele>600.8</ele></trkpt><trkpt lat="49.1592993" lon="-123.0000000"><ele>606.5</ele></trkpt><trkpt lat="49.1600230" lon="-123.0000000"><ele>612.3</ele></trkpt><trkpt lat="49.1607466" lon="-123.0000000"><ele>618.1</ele></trkpt><trkpt lat="49.1614703" lon="-123.0000000"><ele>623.9</ele></trkpt><trkpt lat="49.1621939" lon="-123.0000000"><ele>629.8</ele></trkpt><trkpt lat="49.1629176" lon="-123.0000000"><ele>635.6</ele></trkpt><trkpt lat="49.1636413" lon="-123.0000000"><ele>641.6</ele></trkpt><trkpt lat="49.1643649" lon="-123.0000000"><ele>647.5</ele></trkpt><trkpt lat="49.1650886" lon="-123.0000000"><ele>653.4</ele></trkpt><trkpt lat="49.1658122" lon="-123.0000000"><ele>659.3</ele></trkpt><trkpt lat="49.1665359" lon="-123.0000000"><ele>665.3</ele></trkpt><trkpt lat="49.1672595" lon="-123.0000000"><ele>671.2</ele></trkpt><trkpt lat="49.1679832" lon="-123.0000000"><ele>677.1</ele></trkpt><trkpt lat="49.1687069" lon="-123.0000000"><ele>683.0</ele></trkpt><trkpt lat="49.1694305" lon="-123.0000000"><ele>688.9</ele></trkpt><trkpt lat="49.1701542" lon="-123.0000000"><ele>694.8</ele></trkpt><trkpt lat="49.1708778" lon="-123.0000000"><ele>700.6</ele></trkpt><trkpt lat="49.1716015" lon="-123.0000000"><ele>706.5</ele></trkpt><trkpt lat="49.1723251" lon="-123.0000000"><ele>712.2</ele></trkpt><trkpt lat="49.1730488" lon="-123.0000000"><ele>718.0</ele></trkpt><trkpt lat="49.1737725" lon="-123.0000000"><ele>723.6</ele></trkpt><trkpt lat="49.1744961" lon="-123.0000000"><ele>729.3</ele></trkpt><trkpt lat="49.1752198" lon="-123.0000000"><ele>734.8</ele></trkpt><trkpt lat="49.1759434" lon="-123.0000000"><ele>740.4</ele></trkpt><trkpt lat="49.1766671" lon="-123.0000000"><ele>745.8</ele></trkpt><trkpt lat="49.1773908" lon="-123.0000000"><ele>751.2</ele></trkpt><trkpt lat="49.1781144" lon="-123.0000000"><ele>756.5</ele></trkpt><trkpt lat="49.1788381" lon="-123.0000000"><ele>761.7</ele></trkpt><trkpt lat="49.1795617" lon="-123.0000000"><ele>766.9</ele></trkpt><trkpt lat="49.1802854" lon="-123.0000000"><ele>772.0</ele></trkpt><trkpt lat="49.1810090" lon="-123.0000000"><ele>776.9</ele></trkpt><trkpt lat="49.1817327" lon="-123.0000000"><ele>781.8</ele></trkpt><trkpt lat="49.1824564" lon="-123.0000000"><ele>786.6</ele></trkpt><trkpt lat="49.1831800" lon="-123.0000000"><ele>791.3</ele></trkpt><trkpt lat="49.1839037" lon="-123.0000000"><ele>795.9</ele></trkpt><trkpt lat="49.1846273" lon="-123.0000000"><ele>800.4</ele></trkpt><trkpt lat="49.1853510" lon="-123.0000000"><ele>804.7</ele></trkpt><trkpt lat="49.1860746" lon="-123.0000000"><ele>809.0</ele></trkpt><trkpt lat="49.1867983" lon="-123.0000000"><ele>813.1</ele></trkpt><trkpt lat="49.1875220" lon="-123.0000000"><ele>817.1</ele></trkpt><trkpt lat="49.1882456" lon="-123.0000000"><ele>821.0</ele></trkpt><trkpt lat="49.1889693" lon="-123.0000000"><ele>824.7</ele></trkpt><trkpt lat="49.1896929" lon="-123.0000000"><ele>828.3</ele></trkpt><trkpt lat="49.1904166" lon="-123.0000000"><ele>831.8</ele></trkpt><trkpt lat="49.1911402" lon="-123.0000000"><ele>835.2</ele></trkpt><trkpt lat="49.1918639" lon="-123.0000000"><ele>838.4</ele></trkpt><trkpt lat="49.1925876" lon="-123.0000000"><ele>841.4</ele></trkpt><trkpt lat="49.1933112" lon="-123.0000000"><ele>844.3</ele></trkpt><trkpt lat="49.1940349" lon="-123.0000000"><ele>847.1</ele></trkpt><trkpt lat="49.1947585" lon="-123.0000000"><ele>849.7</ele></trkpt><trkpt lat="49.1954822" lon="-123.0000000"><ele>852.2</ele></trkpt><trkpt lat="49.1962058" lon="-123.0000000"><ele>854.5</ele></trkpt><trkpt lat="49.1969295" lon="-123.0000000"><ele>856.7</ele></trkpt><trkpt lat="49.1976532" lon="-123.0000000"><ele>858.7</ele></trkpt><trkpt lat="49.1983768" lon="-123.0000000"><ele>860.5</ele></trkpt><trkpt lat="49.1991005" lon="-123.0000000"><ele>862.2</ele></trkpt><trkpt lat="49.1998241" lon="-123.0000000"><ele>863.7</ele></trkpt><trkpt lat="49.2005478" lon="-123.0000000"><ele>865.1</ele></trkpt><trkpt lat="49.2012715" lon="-123.0000000"><ele>866.3</ele></trkpt><trkpt lat="49.2019951" lon="-123.0000000"><ele>867.3</ele></trkpt><trkpt lat="49.2027188" lon="-123.0000000"><ele>868.2</ele></trkpt><trkpt lat="49.2034424" lon="-123.0000000"><ele>868.9</ele></trkpt><trkpt lat="49.2041661" lon="-123.0000000"><ele>869.4</ele></trkpt><trkpt lat="49.2048897" lon="-123.0000000"><ele>869.8</ele></trkpt><trkpt lat="49.2056134" lon="-123.0000000"><ele>870.0</ele></trkpt><trkpt lat="49.2063371" lon="-123.0000000"><ele>870.0</ele></trkpt><trkpt lat="49.2070607" lon="-123.0000000"><ele>869.9</ele></trkpt><trkpt lat="49.2077844" lon="-123.0000000"><ele>869.5</ele></trkpt><trkpt lat="49.2085080" lon="-123.0000000"><ele>869.1</ele></trkpt><trkpt lat="49.2092317" lon="-123.0000000"><ele>868.4</ele></trkpt><trkpt lat="49.2099553" lon="-123.0000000"><ele>867.6</ele></trkpt><trkpt lat="49.2106790" lon="-123.0000000"><ele>866.6</ele></trkpt><trkpt lat="49.2114027" lon="-123.0000000"><ele>865.5</ele></trkpt><trkpt lat="49.2121263" lon="-123.0000000"><ele>864.2</ele></trkpt><trkpt lat="49.2128500" lon="-123.0000000"><ele>862.7</ele></trkpt><trkpt lat="49.2135736" lon="-123.0000000"><ele>861.1</ele></trkpt><trkpt lat="49.2142973" lon="-123.0000000"><ele>859.3</ele></trkpt><trkpt lat="49.2150209" lon="-123.0000000"><ele>857.4</ele></trkpt><trkpt lat="49.2157446" lon="-123.0000000"><ele>855.3</ele></trkpt><trkpt lat="49.2164683" lon="-123.0000000"><ele>853.0</ele></trkpt><trkpt lat="49.2171919" lon="-123.0000000"><ele>850.6</ele></trkpt><trkpt lat="49.2179156" lon="-123.0000000"><ele>848.0</ele></trkpt><trkpt lat="49.2186392" lon="-123.0000000"><ele>845.3</ele></trkpt><trkpt lat="49.2193629" lon="-123.0000000"><ele>842.4</ele></trkpt><trkpt lat="49.2200865" lon="-123.0000000"><ele>839.4</ele></trkpt><trkpt lat="49.2208102" lon="-123.0000000"><ele>836.2</ele></trkpt><trkpt lat="49.2215339" lon="-123.0000000"><ele>832.9</ele></trkpt><trkpt lat="49.2222575" lon="-123.0000000"><ele>829.5</ele></trkpt><trkpt lat="49.2229812" lon="-123.0000000"><ele>825.9</ele></trkpt><trkpt lat="49.2237048" lon="-123.0000000"><ele>822.2</ele></trkpt><trkpt lat="49.2244285" lon="-123.0000000"><ele>818.4</ele></trkpt><trkpt lat="49.2251521" lon="-123.0000000"><ele>814.4</ele></trkpt><trkpt lat="49.2258758" lon="-123.0000000"><ele>810.3</ele></trkpt><trkpt lat="49.2265995" lon="-123.0000000"><ele>806.1</ele></trkpt><trkpt lat="49.2273231" lon="-123.0000000"><ele>801.8</ele></trkpt><trkpt lat="49.2280468" lon="-123.0000000"><ele>797.4</ele></trkpt><trkpt lat="49.2287704" lon="-123.0000000"><ele>792.8</ele></trkpt><trkpt lat="49.2294941" lon="-123.0000000"><ele>788.2</ele></trkpt><trkpt lat="49.2302178" lon="-123.0000000"><ele>783.4</ele></trkpt><trkpt lat="49.2309414" lon="-123.0000000"><ele>778.6</ele></trkpt><trkpt lat="49.2316651" lon="-123.0000000"><ele>773.6</ele></trkpt><trkpt lat="49.2323887" lon="-123.0000000"><ele>768.6</ele></trkpt><trkpt lat="49.2331124" lon="-123.0000000"><ele>763.5</ele></trkpt><trkpt lat="49.2338360" lon="-123.0000000"><ele>758.3</ele></trkpt><trkpt lat="49.2345597" lon="-123.0000000"><ele>753.0</ele></trkpt><trkpt lat="49.2352834" lon="-123.0000000"><ele>747.6</ele></trkpt><trkpt lat="49.2360070" lon="-123.0000000"><ele>742.2</ele></trkpt><trkpt lat="49.2367307" lon="-123.0000000"><ele>736.7</ele></trkpt><trkpt lat="49.2374543" lon="-123.0000000"><ele>731.1</ele></trkpt><trkpt lat="49.2381780" lon="-123.0000000"><ele>725.5</ele></trkpt><trkpt lat="49.2389016" lon="-123.0000000"><ele>719.9</ele></trkpt><trkpt lat="49.2396253" lon="-123.0000000"><ele>714.1</ele></trkpt><trkpt lat="49.2403490" lon="-123.0000000"><ele>708.4</ele></trkpt><trkpt lat="49.2410726" lon="-123.0000000"><ele>702.6</ele></trkpt><trkpt lat="49.2417963" lon="-123.0000000"><ele>696.8</ele></trkpt><trkpt lat="49.2425199" lon="-123.0000000"><ele>690.9</ele></trkpt><trkpt lat="49.2432436" lon="-123.0000000"><ele>685.0</ele></trkpt><trkpt lat="49.2439672" lon="-123.0000000"><ele>679.1</ele></trkpt><trkpt lat="49.2446909" lon="-123.0000000"><ele>673.2</ele></trkpt><trkpt lat="49.2454146" lon="-123.0000000"><ele>667.3</ele></trkpt><trkpt lat="49.2461382" lon="-123.0000000"><ele>661.3</ele></trkpt><trkpt lat="49.2468619" lon="-123.0000000"><ele>655.4</ele></trkpt><trkpt lat="49.2475855" lon="-123.0000000"><ele>649.4</ele></trkpt><trkpt lat="49.2483092" lon="-123.0000000"><ele>643.5</ele></trkpt><trkpt lat="49.2490328" lon="-123.0000000"><ele>637.6</ele></trkpt><trkpt lat="49.2497565" lon="-123.0000000"><ele>631.7</ele></trkpt><trkpt lat="49.2504802" lon="-123.0000000"><ele>625.8</ele></trkpt><trkpt lat="49.2512038" lon="-123.0000000"><ele>620.0</ele></trkpt><trkpt lat="49.2519275" lon="-123.0000000"><ele>614.2</ele></trkpt><trkpt lat="49.2526511" lon="-123.0000000"><ele>608.4</ele></trkpt><trkpt lat="49.2533748" lon="-123.0000000"><ele>602.7</ele></trkpt><trkpt lat="49.2540984" lon="-123.0000000"><ele>597.0</ele></trkpt><trkpt lat="49.2548221" lon="-123.0000000"><ele>591.4</ele></trkpt><trkpt lat="49.2555458" lon="-123.0000000"><ele>585.8</ele></trkpt><trkpt lat="49.2562694" lon="-123.0000000"><ele>580.2</ele></trkpt><trkpt lat="49.2569931" lon="-123.0000000"><ele>574.8</ele></trkpt><trkpt lat="49.2577167" lon="-123.0000000"><ele>569.4</ele></trkpt><trkpt lat="49.2584404" lon="-123.0000000"><ele>564.1</ele></trkpt><trkpt lat="49.2591641" lon="-123.0000000"><ele>558.8</ele></trkpt><trkpt lat="49.2598877" lon="-123.0000000"><ele>553.7</ele></trkpt><trkpt lat="49.2606114" lon="-123.0000000"><ele>548.6</ele></trkpt><trkpt lat="49.2613350" lon="-123.0000000"><ele>543.6</ele></trkpt><trkpt lat="49.2620587" lon="-123.0000000"><ele>538.7</ele></trkpt><trkpt lat="49.2627823" lon="-123.0000000"><ele>533.9</ele></trkpt><trkpt lat="49.2635060" lon="-123.0000000"><ele>529.2</ele></trkpt><trkpt lat="49.2642297" lon="-123.0000000"><ele>524.6</ele></trkpt><trkpt lat="49.2649533" lon="-123.0000000"><ele>520.1</ele></trkpt><trkpt lat="49.2656770" lon="-123.0000000"><ele>515.8</ele></trkpt><trkpt lat="49.2664006" lon="-123.0000000"><ele>511.5</ele></trkpt><trkpt lat="49.2671243" lon="-123.0000000"><ele>507.4</ele></trkpt><trkpt lat="49.2678479" lon="-123.0000000"><ele>503.4</ele></trkpt><trkpt lat="49.2685716" lon="-123.0000000"><ele>499.5</ele></trkpt><trkpt lat="49.2692953" lon="-123.0000000"><ele>495.7</ele></trkpt><trkpt lat="49.2700189" lon="-123.0000000"><ele>492.1</ele></trkpt><trkpt lat="49.2707426" lon="-123.0000000"><ele>488.6</ele></trkpt><trkpt lat="49.2714662" lon="-123.0000000"><ele>485.2</ele></trkpt><trkpt lat="49.2721899" lon="-123.0000000"><ele>482.0</ele></trkpt><trkpt lat="49.2729135" lon="-123.0000000"><ele>478.9</ele></trkpt><trkpt lat="49.2736372" lon="-123.0000000"><ele>476.0</ele></trkpt><trkpt lat="49.2743609" lon="-123.0000000"><ele>473.2</ele></trkpt><trkpt lat="49.2750845" lon="-123.0000000"><ele>470.6</ele></trkpt><trkpt lat="49.2758082" lon="-123.0000000"><ele>468.1</ele></trkpt><trkpt lat="49.2765318" lon="-123.0000000"><ele>465.7</ele></trkpt><trkpt lat="49.2772555" lon="-123.0000000"><ele>463.6</ele></trkpt><trkpt lat="49.2779791" lon="-123.0000000"><ele>461.5</ele></trkpt><trkpt lat="49.2787028" lon="-123.0000000"><ele>459.7</ele></trkpt><trkpt lat="49.2794265" lon="-123.0000000"><ele>458.0</ele></trkpt><trkpt lat="49.2801501" lon="-123.0000000"><ele>456.4</ele></trkpt><trkpt lat="49.2808738" lon="-123.0000000"><ele>455.1</ele></trkpt><trkpt lat="49.2815974" lon="-123.0000000"><ele>453.8</ele></trkpt><trkpt lat="49.2823211" lon="-123.0000000"><ele>452.8</ele></trkpt><trkpt lat="49.2830447" lon="-123.0000000"><ele>451.9</ele></trkpt><trkpt lat="49.2837684" lon="-123.0000000"><ele>451.2</ele></trkpt><trkpt lat="49.2844921" lon="-123.0000000"><ele>450.6</ele></trkpt><trkpt lat="49.2852157" lon="-123.0000000"><ele>450.3</ele></trkpt><trkpt lat="49.2859394" lon="-123.0000000"><ele>450.1</ele></trkpt><trkpt lat="49.2866630" lon="-123.0000000"><ele>450.0</ele></trkpt><trkpt lat="49.2873867" lon="-123.0000000"><ele>450.1</ele></trkpt><trkpt lat="49.2881103" lon="-123.0000000"><ele>450.4</ele></trkpt><trkpt lat="49.2888340" lon="-123.0000000"><ele>450.9</ele></trkpt><trkpt lat="49.2895577" lon="-123.0000000"><ele>451.5</ele></trkpt><trkpt lat="49.2902813" lon="-123.0000000"><ele>452.3</ele></trkpt><trkpt lat="49.2910050" lon="-123.0000000"><ele>453.2</ele></trkpt><trkpt lat="49.2917286" lon="-123.0000000"><ele>454.4</ele></trkpt><trkpt lat="49.2924523" lon="-123.0000000"><ele>455.6</ele></trkpt><trkpt lat="49.2931760" lon="-123.0000000"><ele>457.1</ele></trkpt><trkpt lat="49.2938996" lon="-123.0000000"><ele>458.7</ele></trkpt><trkpt lat="49.2946233" lon="-123.0000000"><ele>460.5</ele></trkpt><trkpt lat="49.2953469" lon="-123.0000000"><ele>462.4</ele></trkpt><trkpt lat="49.2960706" lon="-123.0000000"><ele>464.5</ele></trkpt><trkpt lat="49.2967942" lon="-123.0000000"><ele>466.8</ele></trkpt><trkpt lat="49.2975179" lon="-123.0000000"><ele>469.2</ele></trkpt><trkpt lat="49.2982416" lon="-123.0000000"><ele>471.7</ele></trkpt><trkpt lat="49.2989652" lon="-123.0000000"><ele>474.4</ele></trkpt><trkpt lat="49.2996889" lon="-123.0000000"><ele>477.3</ele></trkpt><trkpt lat="49.3004125" lon="-123.0000000"><ele>480.3</ele></trkpt><trkpt lat="49.3011362" lon="-123.0000000"><ele>483.4</ele></trkpt><trkpt lat="49.3018598" lon="-123.0000000"><ele>486.7</ele></trkpt><trkpt lat="49.3025835" lon="-123.0000000"><ele>490.1</ele></trkpt><trkpt lat="49.3033072" lon="-123.0000000"><ele>493.7</ele></trkpt><trkpt lat="49.3040308" lon="-123.0000000"><ele>497.4</ele></trkpt><trkpt lat="49.3047545" lon="-123.0000000"><ele>501.2</ele></trkpt><trkpt lat="49.3054781" lon="-123.0000000"><ele>505.1</ele></trkpt><trkpt lat="49.3062018" lon="-123.0000000"><ele>509.2</ele></trkpt><trkpt lat="49.3069254" lon="-123.0000000"><ele>513.4</ele></trkpt><trkpt lat="49.3076491" lon="-123.0000000"><ele>517.7</ele></trkpt><trkpt lat="49.3083728" lon="-123.0000000"><ele>522.1</ele></trkpt><trkpt lat="49.3090964" lon="-123.0000000"><ele>526.6</ele></trkpt><trkpt lat="49.3098201" lon="-123.0000000"><ele>531.3</ele></trkpt><trkpt lat="49.3105437" lon="-123.0000000"><ele>536.0</ele></trkpt><trkpt lat="49.3112674" lon="-123.0000000"><ele>540.9</ele></trkpt><trkpt lat="49.3119910" lon="-123.0000000"><ele>545.8</ele></trkpt><trkpt lat="49.3127147" lon="-123.0000000"><ele>550.8</ele></trkpt><trkpt lat="49.3134384" lon="-123.0000000"><ele>556.0</ele></trkpt><trkpt lat="49.3141620" lon="-123.0000000"><ele>561.2</ele></trkpt><trkpt lat="49.3148857" lon="-123.0000000"><ele>566.4</ele></trkpt><trkpt lat="49.3156093" lon="-123.0000000"><ele>571.8</ele></trkpt><trkpt lat="49.3163330" lon="-123.0000000"><ele>577.2</ele></trkpt><trkpt lat="49.3170566" lon="-123.0000000"><ele>582.7</ele></trkpt><trkpt lat="49.3177803" lon="-123.0000000"><ele>588.2</ele></trkpt><trkpt lat="49.3185040" lon="-123.0000000"><ele>593.9</ele></trkpt><trkpt lat="49.3192276" lon="-123.0000000"><ele>599.5</ele></trkpt><trkpt lat="49.3199513" lon="-123.0000000"><ele>605.2</ele></trkpt><trkpt lat="49.3206749" lon="-123.0000000"><ele>611.0</ele></trkpt><trkpt lat="49.3213986" lon="-123.0000000"><ele>616.8</ele></trkpt><trkpt lat="49.3221223" lon="-123.0000000"><ele>622.6</ele></trkpt><trkpt lat="49.3228459" lon="-123.0000000"><ele>628.5</ele></trkpt><trkpt lat="49.3235696" lon="-123.0000000"><ele>634.3</ele></trkpt><trkpt lat="49.3242932" lon="-123.0000000"><ele>640.2</ele></trkpt><trkpt lat="49.3250169" lon="-123.0000000"><ele>646.2</ele></trkpt><trkpt lat="49.3257405" lon="-123.0000000"><ele>652.1</ele></trkpt><trkpt lat="49.3264642" lon="-123.0000000"><ele>658.0</ele></trkpt><trkpt lat="49.3271879" lon="-123.0000000"><ele>664.0</ele></trkpt><trkpt lat="49.3279115" lon="-123.0000000"><ele>669.9</ele></trkpt><trkpt lat="49.3286352" lon="-123.0000000"><ele>675.8</ele></trkpt><trkpt lat="49.3293588" lon="-123.0000000"><ele>681.7</ele></trkpt><trkpt lat="49.3300825" lon="-123.0000000"><ele>687.6</ele></trkpt><trkpt lat="49.3308061" lon="-123.0000000"><ele>693.5</ele></trkpt><trkpt lat="49.3315298" lon="-123.0000000"><ele>699.4</ele></trkpt><trkpt lat="49.3322535" lon="-123.0000000"><ele>705.2</ele></trkpt><trkpt lat="49.3329771" lon="-123.0000000"><ele>710.9</ele></trkpt><trkpt lat="49.3337008" lon="-123.0000000"><ele>716.7</ele></trkpt><trkpt lat="49.3344244" lon="-123.0000000"><ele>722.4</ele></trkpt><trkpt lat="49.3351481" lon="-123.0000000"><ele>728.0</ele></trkpt><trkpt lat="49.3358717" lon="-123.0000000"><ele>733.6</ele></trkpt><trkpt lat="49.3365954" lon="-123.0000000"><ele>739.1</ele></trkpt><trkpt lat="49.3373191" lon="-123.0000000"><ele>744.6</ele></trkpt><trkpt lat="49.3380427" lon="-123.0000000"><ele>750.0</ele></trkpt><trkpt lat="49.3387664" lon="-123.0000000"><ele>755.3</ele></trkpt><trkpt lat="49.3394900" lon="-123.0000000"><ele>760.6</ele></trkpt><trkpt lat="49.3402137" lon="-123.0000000"><ele>765.8</ele></trkpt><trkpt lat="49.3409373" lon="-123.0000000"><ele>770.8</ele></trkpt><trkpt lat="49.3416610" lon="-123.0000000"><ele>775.8</ele></trkpt><trkpt lat="49.3423847" lon="-123.0000000"><ele>780.8</ele></trkpt><trkpt lat="49.3431083" lon="-123.0000000"><ele>785.6</ele></trkpt><trkpt lat="49.3438320" lon="-123.0000000"><ele>790.3</ele></trkpt><trkpt lat="49.3445556" lon="-123.0000000"><ele>794.9</ele></trkpt><trkpt lat="49.3452793" lon="-123.0000000"><ele>799.4</ele></trkpt><trkpt lat="49.3460029" lon="-123.0000000"><ele>803.8</ele></trkpt><trkpt lat="49.3467266" lon="-123.0000000"><ele>808.0</ele></trkpt><trkpt lat="49.3474503" lon="-123.0000000"><ele>812.2</ele></trkpt><trkpt lat="49.3481739" lon="-123.0000000"><ele>816.2</ele></trkpt><trkpt lat="49.3488976" lon="-123.0000000"><ele>820.1</ele></trkpt><trkpt lat="49.3496212" lon="-123.0000000"><ele>823.9</ele></trkpt><trkpt lat="49.3503449" lon="-123.0000000"><ele>827.5</ele></trkpt><trkpt lat="49.3510686" lon="-123.0000000"><ele>831.0</ele></trkpt><trkpt lat="49.3517922" lon="-123.0000000"><ele>834.4</ele></trkpt><trkpt lat="49.3525159" lon="-123.0000000"><ele>837.7</ele></trkpt><trkpt lat="49.3532395" lon="-123.0000000"><ele>840.8</ele></trkpt><trkpt lat="49.3539632" lon="-123.0000000"><ele>843.7</ele></trkpt><trkpt lat="49.3546868" lon="-123.0000000"><ele>846.5</ele></trkpt><trkpt lat="49.3554105" lon="-123.0000000"><ele>849.2</ele></trkpt><trkpt lat="49.3561342" lon="-123.0000000"><ele>851.7</ele></trkpt><trkpt lat="49.3568578" lon="-123.0000000"><ele>854.0</ele></trkpt><trkpt lat="49.3575815" lon="-123.0000000"><ele>856.2</ele></trkpt><trkpt lat="49.3583051" lon="-123.0000000"><ele>858.2</ele></trkpt><trkpt lat="49.3590288" lon="-123.0000000"><ele>860.1</ele></trkpt><trkpt lat="49.3597524" lon="-123.0000000"><ele>861.8</ele></trkpt><trkpt lat="49.3604761" lon="-123.0000000"><ele>863.4</ele></trkpt><trkpt lat="49.3611998" lon="-123.0000000"><ele>864.8</ele></trkpt><trkpt lat="49.3619234" lon="-123.0000000"><ele>866.0</ele></trkpt><trkpt lat="49.3626471" lon="-123.0000000"><ele>867.1</ele></trkpt><trkpt lat="49.3633707" lon="-123.0000000"><ele>868.0</ele></trkpt><trkpt lat="49.3640944" lon="-123.0000000"><ele>868.7</ele></trkpt><trkpt lat="49.3648180" lon="-123.0000000"><ele>869.3</ele></trkpt><trkpt lat="49.3655417" lon="-123.0000000"><ele>869.7</ele></trkpt><trkpt lat="49.3662654" lon="-123.0000000"><ele>869.9</ele></trkpt><trkpt lat="49.3669890" lon="-123.0000000"><ele>870.0</ele></trkpt><trkpt lat="49.3677127" lon="-123.0000000"><ele>869.9</ele></trkpt><trkpt lat="49.3684363" lon="-123.0000000"><ele>869.6</ele></trkpt><trkpt lat="49.3691600" lon="-123.0000000"><ele>869.2</ele></trkpt><trkpt lat="49.3698836" lon="-123.0000000"><ele>868.6</ele></trkpt><trkpt lat="49.3706073" lon="-123.0000000"><ele>867.8</ele></trkpt><trkpt lat="49.3713310" lon="-123.0000000"><ele>866.9</ele></trkpt><trkpt lat="49.3720546" lon="-123.0000000"><ele>865.8</ele></trkpt><trkpt lat="49.3727783" lon="-123.0000000"><ele>864.5</ele></trkpt><trkpt lat="49.3735019" lon="-123.0000000"><ele>863.1</ele></trkpt><trkpt lat="49.3742256" lon="-123.0000000"><ele>861.5</ele></trkpt><trkpt lat="49.3749493" lon="-123.0000000"><ele>859.7</ele></trkpt><trkpt lat="49.3756729" lon="-123.0000000"><ele>857.8</ele></trkpt><trkpt lat="49.3763966" lon="-123.0000000"><ele>855.7</ele></trkpt><trkpt lat="49.3771202" lon="-123.0000000"><ele>853.5</ele></trkpt><trkpt lat="49.3778439" lon="-123.0000000"><ele>851.1</ele></trkpt><trkpt lat="49.3785675" lon="-123.0000000"><ele>848.6</ele></trkpt><trkpt lat="49.3792912" lon="-123.0000000"><ele>845.9</ele></trkpt><trkpt lat="49.3800149" lon="-123.0000000"><ele>843.1</ele></trkpt><trkpt lat="49.3807385" lon="-123.0000000"><ele>840.1</ele></trkpt><trkpt lat="49.3814622" lon="-123.0000000"><ele>837.0</ele></trkpt><trkpt lat="49.3821858" lon="-123.0000000"><ele>833.7</ele></trkpt><trkpt lat="49.3829095" lon="-123.0000000"><ele>830.3</ele></trkpt><trkpt lat="49.3836331" lon="-123.0000000"><ele>826.7</ele></trkpt><trkpt lat="49.3843568" lon="-123.0000000"><ele>823.1</ele></trkpt><trkpt lat="49.3850805" lon="-123.0000000"><ele>819.3</ele></trkpt><trkpt lat="49.3858041" lon="-123.0000000"><ele>815.3</ele></trkpt><trkpt lat="49.3865278" lon="-123.0000000"><ele>811.3</ele></trkpt><trkpt lat="49.3872514" lon="-123.0000000"><ele>807.1</ele></trkpt><trkpt lat="49.3879751" lon="-123.0000000"><ele>802.8</ele></trkpt><trkpt lat="49.3886987" lon="-123.0000000"><ele>798.4</ele></trkpt><trkpt lat="49.3894224" lon="-123.0000000"><ele>793.9</ele></trkpt><trkpt lat="49.3901461" lon="-123.0000000"><ele>789.2</ele></trkpt><trkpt lat="49.3908697" lon="-123.0000000"><ele>784.5</ele></trkpt><trkpt lat="49.3915934" lon="-123.0000000"><ele>779.7</ele></trkpt><trkpt lat="49.3923170" lon="-123.0000000"><ele>774.7</ele></trkpt><trkpt lat="49.3930407" lon="-123.0000000"><ele>769.7</ele></trkpt><trkpt lat="49.3937643" lon="-123.0000000"><ele>764.6</ele></trkpt><trkpt lat="49.3944880" lon="-123.0000000"><ele>759.4</ele></trkpt><trkpt lat="49.3952117" lon="-123.0000000"><ele>754.2</ele></trkpt><trkpt lat="49.3959353" lon="-123.0000000"><ele>748.8</ele></trkpt><trkpt lat="49.3966590" lon="-123.0000000"><ele>743.4</ele></trkpt><trkpt lat="49.3973826" lon="-123.0000000"><ele>737.9</ele></trkpt><trkpt lat="49.3981063" lon="-123.0000000"><ele>732.4</ele></trkpt><trkpt lat="49.3988299" lon="-123.0000000"><ele>726.8</ele></trkpt><trkpt lat="49.3995536" lon="-123.0000000"><ele>721.1</ele></trkpt><trkpt lat="49.4002773" lon="-123.0000000"><ele>715.4</ele></trkpt><trkpt lat="49.4010009" lon="-123.0000000"><ele>709.7</ele></trkpt><trkpt lat="49.4017246" lon="-123.0000000"><ele>703.9</ele></trkpt><trkpt lat="49.4024482" lon="-123.0000000"><ele>698.1</ele></trkpt><trkpt lat="49.4031719" lon="-123.0000000"><ele>692.2</ele></trkpt><trkpt lat="49.4038956" lon="-123.0000000"><ele>686.3</ele></trkpt><trkpt lat="49.4046192" lon="-123.0000000"><ele>680.4</ele></trkpt><trkpt lat="49.4053429" lon="-123.0000000"><ele>674.5</ele></trkpt><trkpt lat="49.4060665" lon="-123.0000000"><ele>668.6</ele></trkpt><trkpt lat="49.4067902" lon="-123.0000000"><ele>662.6</ele></trkpt><trkpt lat="49.4075138" lon="-123.0000000"><ele>656.7</ele></trkpt><trkpt lat="49.4082375" lon="-123.0000000"><ele>650.8</ele></trkpt><trkpt lat="49.4089612" lon="-123.0000000"><ele>644.8</ele></trkpt><trkpt lat="49.4096848" lon="-123.0000000"><ele>638.9</ele></trkpt><trkpt lat="49.4104085" lon="-123.0000000"><ele>633.0</ele></trkpt><trkpt lat="49.4111321" lon="-123.0000000"><ele>627.1</ele></trkpt><trkpt lat="49.4118558" lon="-123.0000000"><ele>621.3</ele></trkpt><trkpt lat="49.4125794" lon="-123.0000000"><ele>615.5</ele></trkpt><trkpt lat="49.4133031" lon="-123.0000000"><ele>609.7</ele></trkpt><trkpt lat="49.4140268" lon="-123.0000000"><ele>604.0</ele></trkpt><trkpt lat="49.4147504" lon="-123.0000000"><ele>598.3</ele></trkpt><trkpt lat="49.4154741" lon="-123.0000000"><ele>592.6</ele></trkpt><trkpt lat="49.4161977" lon="-123.0000000"><ele>587.0</ele></trkpt><trkpt lat="49.4169214" lon="-123.0000000"><ele>581.5</ele></trkpt><trkpt lat="49.4176450" lon="-123.0000000"><ele>576.0</ele></trkpt><trkpt lat="49.4183687" lon="-123.0000000"><ele>570.6</ele></trkpt><trkpt lat="49.4190924" lon="-123.0000000"><ele>565.3</ele></trkpt><trkpt lat="49.4198160" lon="-123.0000000"><ele>560.0</ele></trkpt><trkpt lat="49.4205397" lon="-123.0000000"><ele>554.8</ele></trkpt><trkpt lat="49.4212633" lon="-123.0000000"><ele>549.7</ele></trkpt><trkpt lat="49.4219870" lon="-123.0000000"><ele>544.7</ele></trkpt><trkpt lat="49.4227106" lon="-123.0000000"><ele>539.8</ele></trkpt><trkpt lat="49.4234343" lon="-123.0000000"><ele>535.0</ele></trkpt><trkpt lat="49.4241580" lon="-123.0000000"><ele>530.2</ele></trkpt><trkpt lat="49.4248816" lon="-123.0000000"><ele>525.6</ele></trkpt><trkpt lat="49.4256053" lon="-123.0000000"><ele>521.1</ele></trkpt><trkpt lat="49.4263289" lon="-123.0000000"><ele>516.7</ele></trkpt><trkpt lat="49.4270526" lon="-123.0000000"><ele>512.4</ele></trkpt><trkpt lat="49.4277762" lon="-123.0000000"><ele>508.3</ele></trkpt><trkpt lat="49.4284999" lon="-123.0000000"><ele>504.2</ele></trkpt><trkpt lat="49.4292236" lon="-123.0000000"><ele>500.3</ele></trkpt><trkpt lat="49.4299472" lon="-123.0000000"><ele>496.5</ele></trkpt><trkpt lat="49.4306709" lon="-123.0000000"><ele>492.9</ele></trkpt><trkpt lat="49.4313945" lon="-123.0000000"><ele>489.3</ele></trkpt><trkpt lat="49.4321182" lon="-123.0000000"><ele>485.9</ele></trkpt><trkpt lat="49.4328419" lon="-123.0000000"><ele>482.7</ele></trkpt><trkpt lat="49.4335655" lon="-123.0000000"><ele>479.6</ele></trkpt><trkpt lat="49.4342892" lon="-123.0000000"><ele>476.6</ele></trkpt><trkpt lat="49.4350128" lon="-123.0000000"><ele>473.8</ele></trkpt><trkpt lat="49.4357365" lon="-123.0000000"><ele>471.1</ele></trkpt><trkpt lat="49.4364601" lon="-123.0000000"><ele>468.6</ele></trkpt><trkpt lat="49.4371838" lon="-123.0000000"><ele>466.2</ele></trkpt><trkpt lat="49.4379075" lon="-123.0000000"><ele>464.0</ele></trkpt><trkpt lat="49.4386311" lon="-123.0000000"><ele>462.0</ele></trkpt><trkpt lat="49.4393548" lon="-123.0000000"><ele>460.1</ele></trkpt><trkpt lat="49.4400784" lon="-123.0000000"><ele>458.3</ele></trkpt><trkpt lat="49.4408021" lon="-123.0000000"><ele>456.8</ele></trkpt><trkpt lat="49.4415257" lon="-123.0000000"><ele>455.3</ele></trkpt><trkpt lat="49.4422494" lon="-123.0000000"><ele>454.1</ele></trkpt><trkpt lat="49.4429731" lon="-123.0000000"><ele>453.0</ele></trkpt><trkpt lat="49.4436967" lon="-123.0000000"><ele>452.1</ele></trkpt><trkpt lat="49.4444204" lon="-123.0000000"><ele>451.3</ele></trkpt><trkpt lat="49.4451440" lon="-123.0000000"><ele>450.8</ele></trkpt><trkpt lat="49.4458677" lon="-123.0000000"><ele>450.3</ele></trkpt><trkpt lat="49.4465913" lon="-123.0000000"><ele>450.1</ele></trkpt><trkpt lat="49.4473150" lon="-123.0000000"><ele>450.0</ele></trkpt></trkseg></trk></gpx>